id,name,height,weight,hp,attack,defense,s_attack,s_defense,speed,type,evo_set,info,total_stats,physical_bias,offensive_bias,stat_variance,weight_height_ratio,evo_set_size,hp_category,attack_category,defense_category,s_attack_category,s_defense_category,speed_category,total_stats_category
1,bulbasaur,7,69,45,49,49,65,65,45,"{grass,poison}",1,A strange seed was planted on its back at birth. The plant sprouts and grows with this POKéMON.,318,0.7538461538461538,1.0,74.66666666666667,9.857142857142858,3,Very Low,Very Low,Very Low,Low,Low,Very Low,Low
2,ivysaur,10,130,60,62,63,80,80,60,"{grass,poison}",1,"When the bulb on its back grows large, it appears to lose the ability to stand on its hind legs.",405,0.78125,0.993006993006993,79.25,13.0,3,Low,Low,Low,Medium,Medium,Low,Low
3,venusaur,20,1000,80,82,83,100,100,80,"{grass,poison}",1,The plant blooms when it is absorbing solar energy. It stays on the move to seek sunlight.,525,0.825,0.994535519125683,79.25,50.0,3,Medium,Medium,Medium,High,High,Medium,High
4,charmander,6,85,39,52,43,60,50,65,{fire},2,"Obviously prefers hot places. When it rains, steam is said to spout from the tip of its tail.",309,0.8636363636363636,1.2043010752688172,80.91666666666667,14.166666666666666,3,Very Low,Very Low,Very Low,Low,Very Low,Low,Very Low
5,charmeleon,11,190,58,64,58,80,65,80,{fire},2,"When it swings its burning tail, it elevates the temperature to unbearably high levels.",405,0.8413793103448276,1.170731707317073,85.25,17.272727272727273,3,Low,Low,Low,Medium,Low,Medium,Low
6,charizard,17,905,78,84,78,109,85,100,"{fire,flying}",2,Spits fire that is hot enough to melt boulders. Known to cause forest fires unintentionally.,534,0.8350515463917526,1.1840490797546013,134.0,53.23529411764706,3,Medium,Medium,Medium,High,Medium,High,Very High
7,squirtle,5,90,44,48,65,50,64,43,{water},3,"After birth, its back swells and hardens into a shell. Powerfully sprays foam from its mouth.",314,0.9912280701754386,0.7596899224806202,79.55555555555556,18.0,3,Very Low,Very Low,Low,Low,Low,Very Low,Low
8,wartortle,10,225,59,63,80,65,80,58,{water},3,"Often hides in water to stalk unwary prey. For swimming fast, it moves its ears to maintain balance.",405,0.9862068965517241,0.8,83.58333333333333,22.5,3,Low,Low,Medium,Low,Medium,Low,Low
9,blastoise,16,855,79,83,100,85,105,78,{water},3,A brutal POKéMON with pressurized water jets on its shell. They are used for high speed tackles.,530,0.9631578947368421,0.8195121951219512,107.8888888888889,53.4375,3,Medium,Medium,High,Medium,High,Medium,Very High
10,caterpie,3,29,45,30,35,20,20,45,{bug},4,Its short feet are tipped with suction pads that enable it to tirelessly climb slopes and walls.,195,1.625,0.9090909090909091,106.25,9.666666666666666,3,Very Low,Very Low,Very Low,Very Low,Very Low,Very Low,Very Low
11,metapod,7,99,50,20,55,25,25,30,{bug},4,"This POKéMON is vulnerable to attack while its shell is soft, exposing its weak and tender body.",205,1.5,0.5625,178.4722222222222,14.142857142857142,3,Very Low,Very Low,Low,Very Low,Very Low,Very Low,Very Low
12,butterfree,11,320,60,45,50,90,80,70,"{bug,flying}",4,"In battle, it flaps its wings at high speed to release highly toxic dust into the air.",395,0.5588235294117647,1.0384615384615385,253.4722222222222,29.09090909090909,3,Low,Very Low,Very Low,Medium,Medium,Medium,Low
13,weedle,3,32,40,35,30,20,20,50,"{bug,poison}",5,"Often found in forests, eating leaves. It has a sharp venomous stinger on its head.",195,1.625,1.1,114.58333333333333,10.666666666666666,3,Very Low,Very Low,Very Low,Very Low,Very Low,Low,Very Low
14,kakuna,6,100,45,25,50,25,25,35,"{bug,poison}",5,"Almost incapable of moving, this POKéMON can only harden its shell to protect itself from predators.",205,1.5,0.6666666666666666,103.47222222222221,16.666666666666668,3,Very Low,Very Low,Very Low,Very Low,Very Low,Very Low,Very Low
15,beedrill,10,295,65,90,40,45,80,75,"{bug,poison}",5,It has three poisonous stingers on its forelegs and its tail. They are used to jab its enemy repeatedly.,395,1.04,1.125,328.47222222222223,29.5,3,Low,Medium,Very Low,Very Low,Medium,Medium,Low
16,pidgey,3,18,40,45,40,35,35,56,"{normal,flying}",6,A common sight in forests and woods. It flaps its wings at ground level to kick up blinding sand.,251,1.2142857142857142,1.0666666666666667,51.80555555555555,6.0,3,Very Low,Very Low,Very Low,Very Low,Very Low,Low,Very Low
17,pidgeotto,11,300,63,60,55,50,50,71,"{normal,flying}",6,"Very protective of its sprawling territorial area, this POKéMON will fiercely peck at any intruder.",349,1.15,1.0476190476190477,55.805555555555564,27.272727272727273,3,Low,Low,Low,Low,Very Low,Medium,Low
18,pidgeot,15,395,83,80,75,70,70,101,"{normal,flying}",6,"When hunting, it skims the surface of water at high speed to pick off unwary prey such as MAGIKARP.",479,1.1071428571428572,1.0344827586206897,112.47222222222223,26.333333333333332,3,Medium,Medium,Medium,Medium,Medium,High,Medium
19,rattata,3,35,30,56,35,25,35,72,{normal},7,"Bites anything when it attacks. Small and very quick, it is a common sight in many places.",253,1.5166666666666666,1.1571428571428573,271.1388888888889,11.666666666666666,2,Very Low,Low,Very Low,Very Low,Very Low,Medium,Very Low
20,raticate,7,185,55,81,60,50,70,97,{normal},7,It uses its whis­ kers to maintain its balance. It apparently slows down if they are cut off.,413,1.175,1.0076923076923077,261.1388888888889,26.428571428571427,2,Low,Medium,Low,Low,Medium,High,Medium
21,spearow,3,20,40,60,30,31,31,70,"{normal,flying}",8,"It flaps its small wings busily to fly. Using its beak, it searches in grass for prey.",262,1.4516129032258065,1.4918032786885247,246.88888888888889,6.666666666666667,2,Very Low,Low,Very Low,Very Low,Very Low,Medium,Very Low
22,fearow,12,380,65,90,65,61,61,100,"{normal,flying}",8,"With its huge and magnificent wings, it can keep aloft without ever having to land for rest.",442,1.2704918032786885,1.1984126984126984,238.55555555555557,31.666666666666668,2,Low,Medium,Low,Low,Low,High,Medium
23,ekans,20,69,35,60,44,40,54,55,{poison},9,"Moves silently and stealthily. Eats the eggs of birds, such as PIDGEY and SPEAROW, whole.",288,1.1063829787234043,1.0204081632653061,79.66666666666667,3.45,2,Very Low,Low,Very Low,Very Low,Low,Low,Very Low
24,arbok,35,650,60,95,69,65,79,80,{poison},9,It is rumored that the ferocious warning markings on its belly differ from area to area.,448,1.1388888888888888,1.0810810810810811,133.55555555555554,18.571428571428573,2,Low,Medium,Low,Low,Medium,Medium,Medium
25,pikachu,4,60,35,55,40,50,50,90,{electric},10,"When several of these POKéMON gather, their electricity could build and cause lightning storms.",320,0.95,1.1666666666666667,313.88888888888886,15.0,3,Very Low,Very Low,Very Low,Low,Very Low,High,Low
26,raichu,8,300,60,90,55,90,80,110,{electric},10,Its long tail serves as a ground to protect itself from its own high-voltage power.,485,0.8529411764705882,1.3333333333333333,353.4722222222222,37.5,3,Low,Medium,Low,Medium,Medium,High,High
27,sandshrew,6,120,50,75,85,20,30,40,{ground},11,Burrows deep underground in arid locations far from water. It only emerges to hunt for food.,300,3.2,0.8260869565217391,541.6666666666666,20.0,2,Very Low,Low,Medium,Very Low,Very Low,Very Low,Very Low
28,sandslash,10,295,75,100,110,45,55,65,{ground},11,Curls up into a spiny ball when threatened. It can roll while curled up to attack or escape.,450,2.1,0.8787878787878788,541.6666666666666,29.5,2,Medium,Medium,High,Very Low,Low,Low,Medium
29,nidoran-f,4,70,55,47,52,40,40,41,{poison},12,"Although small, its venomous barbs render this POKéMON dangerous. The female has smaller horns.",275,1.2375,0.9456521739130435,35.80555555555555,17.5,3,Low,Very Low,Low,Very Low,Very Low,Very Low,Very Low
30,nidorina,8,200,70,62,67,55,55,56,{poison},12,The female's horn develops slowly. Prefers physical attacks such as clawing and biting.,365,1.1727272727272726,0.9590163934426229,35.80555555555555,25.0,3,Medium,Low,Low,Low,Low,Low,Low
31,nidoqueen,13,600,90,92,87,75,85,76,"{poison,ground}",12,Its hard scales provide strong protection. It uses its hefty bulk to execute powerful moves.,505,1.11875,0.9709302325581395,42.47222222222223,46.15384615384615,3,High,Medium,Medium,Medium,Medium,Medium,High
32,nidoran-m,5,90,46,57,40,40,40,50,{poison},13,"Stiffens its ears to sense danger. The larger its horns, the more powerful its secreted venom.",273,1.2125,1.2125,40.583333333333336,18.0,3,Very Low,Low,Very Low,Very Low,Very Low,Low,Very Low
33,nidorino,9,195,61,72,57,55,55,65,{poison},13,An aggressive POKéMON that is quick to attack. The horn on its head secretes a powerful venom.,365,1.1727272727272726,1.1339285714285714,37.47222222222222,21.666666666666668,3,Low,Low,Low,Low,Low,Low,Low
34,nidoking,14,620,81,102,77,85,75,85,"{poison,ground}",13,"It uses its powerful tail in battle to smash, constrict, then break the prey's bones.",505,1.11875,1.230263157894737,77.47222222222224,44.285714285714285,3,Medium,High,Medium,Medium,Medium,Medium,High
35,clefairy,6,75,70,45,48,60,65,35,{fairy},14,Its magical and cute appeal has many admirers. It is rare and found only in certain areas.,323,0.744,0.9292035398230089,148.4722222222222,12.5,3,Medium,Very Low,Very Low,Low,Low,Very Low,Low
36,clefable,13,400,95,70,73,95,90,60,{fairy},14,A timid fairy POKéMON that is rarely seen. It will run and hide the moment it senses people.,483,0.772972972972973,1.0122699386503067,182.91666666666666,30.76923076923077,3,High,Low,Medium,High,High,Low,High
37,vulpix,6,99,38,41,40,50,65,65,{fire},15,"At the time of birth, it has just one tail. The tail splits from its tip as it grows older.",299,0.7043478260869566,0.8666666666666667,129.13888888888889,16.5,2,Very Low,Very Low,Very Low,Low,Low,Low,Very Low
38,ninetales,11,199,73,76,75,81,100,100,{fire},15,Very smart and very vengeful. Grabbing one of its many tails could result in a 1000-year curse.,505,0.8342541436464088,0.8971428571428571,131.1388888888889,18.09090909090909,2,Medium,Medium,Medium,Medium,High,High,High
39,jigglypuff,5,55,115,45,20,45,25,20,"{normal,fairy}",16,"When its huge eyes light up, it sings a mysteriously soothing melody that lulls its enemies to sleep.",270,0.9285714285714286,2.0,1091.6666666666667,11.0,3,High,Very Low,Very Low,Very Low,Very Low,Very Low,Very Low
40,wigglytuff,10,120,140,70,45,85,50,45,"{normal,fairy}",16,"The body is soft and rubbery. When angered, it will suck in air and inflate itself to an enormous size.",435,0.8518518518518519,1.631578947368421,1122.9166666666667,12.0,3,High,Low,Very Low,Medium,Very Low,Very Low,Medium
41,zubat,8,75,40,45,35,30,40,55,"{poison,flying}",17,Forms colonies in perpetually dark places. Uses ultrasonic waves to identify and approach targets.,245,1.1428571428571428,1.0,61.805555555555564,9.375,3,Very Low,Very Low,Very Low,Very Low,Very Low,Low,Very Low
42,golbat,16,550,75,80,70,65,75,90,"{poison,flying}",17,"Once it strikes, it will not stop draining energy from the victim even if it gets too heavy to fly.",455,1.0714285714285714,1.0,61.80555555555555,34.375,3,Medium,Medium,Low,Low,Medium,High,Medium
43,oddish,5,54,45,50,55,75,65,30,"{grass,poison}",18,"During the day, it keeps its face buried in the ground. At night, it wanders around sowing its seeds.",320,0.75,1.0416666666666667,205.55555555555557,10.8,4,Very Low,Very Low,Low,Medium,Low,Very Low,Low
44,gloom,8,86,60,65,70,85,75,40,"{grass,poison}",18,The fluid that oozes from its mouth isn't drool. It is a nectar that is used to attract prey.,395,0.84375,1.0344827586206897,195.1388888888889,10.75,4,Low,Low,Low,Medium,Medium,Very Low,Low
45,vileplume,12,186,75,80,85,110,90,50,"{grass,poison}",18,"It has the world’s largest petals. With every step, the petals shake out heavy clouds of toxic pollen.",490,0.825,1.0857142857142856,322.22222222222223,15.5,4,Medium,Medium,Medium,High,High,Low,High
46,paras,3,54,35,70,55,45,55,25,"{bug,grass}",19,Burrows to suck tree roots. The mushrooms on its back grow by draw­ ing nutrients from the bug host.,285,1.25,1.0454545454545454,214.58333333333334,18.0,2,Very Low,Low,Low,Very Low,Low,Very Low,Very Low
47,parasect,10,295,60,95,80,60,80,30,"{bug,grass}",19,A host-parasite pair in which the parasite mushroom has taken over the host bug. Prefers damp places.,405,1.25,0.96875,431.25,29.5,2,Low,Medium,Medium,Low,Medium,Very Low,Low
48,venonat,10,300,60,55,50,40,55,45,"{bug,poison}",20,Lives in the shadows of tall trees where it eats insects. It is attracted by light at night.,305,1.105263157894737,0.9047619047619048,45.138888888888886,30.0,2,Low,Very Low,Very Low,Very Low,Low,Very Low,Very Low
49,venomoth,15,125,70,65,60,90,75,90,"{bug,poison}",20,The dustlike scales covering its wings are color-coded to indicate the kinds of poison it has.,450,0.7575757575757576,1.1481481481481481,133.33333333333334,8.333333333333334,2,Medium,Low,Low,Medium,Medium,High,Medium
50,diglett,2,8,10,55,25,35,45,95,{ground},21,Lives about one yard underground where it feeds on plant roots. It sometimes appears above ground.,265,1.0,1.2857142857142858,720.1388888888888,4.0,2,Very Low,Very Low,Very Low,Very Low,Very Low,High,Very Low
51,dugtrio,7,333,35,100,50,50,70,120,{ground},21,A team of DIGLETT triplets. It triggers huge earthquakes by burrowing 60 miles underground.,425,1.25,1.25,903.4722222222223,47.57142857142857,2,Very Low,Medium,Very Low,Low,Medium,High,Medium
52,meowth,4,42,40,45,35,40,40,90,{normal},22,It washes its face regularly to keep the coin on its forehead spotless. It doesn’t get along with Galarian Meowth.,290,1.0,1.1333333333333333,355.5555555555555,10.5,3,Very Low,Very Low,Very Low,Very Low,Very Low,High,Very Low
53,persian,10,320,65,70,60,65,65,115,{normal},22,"Although its fur has many admirers, it is tough to raise as a pet because of its fickle meanness.",440,1.0,1.08,355.5555555555556,32.0,3,Low,Low,Low,Low,Low,High,Medium
54,psyduck,8,196,50,52,48,65,50,55,{water},23,"While lulling its enemies with its vacant look, this wily POKéMON will use psychokinetic powers.",320,0.8695652173913043,1.1938775510204083,31.88888888888889,24.5,2,Very Low,Very Low,Very Low,Low,Very Low,Low,Low
55,golduck,17,766,80,82,78,95,80,85,{water},23,"Often seen swim­ ming elegantly by lake shores. It is often mistaken for the Japanese monster, Kappa.",500,0.9142857142857143,1.120253164556962,31.88888888888889,45.05882352941177,2,Medium,Medium,Medium,High,Medium,Medium,High
56,mankey,5,280,40,80,35,35,45,70,{fighting},24,Extremely quick to anger. It could be docile one moment then thrashing away the next instant.,305,1.4375,1.4375,311.8055555555556,56.0,3,Very Low,Medium,Very Low,Very Low,Very Low,Medium,Very Low
57,primeape,10,320,65,105,60,60,70,95,{fighting},24,Always furious and tenacious to boot. It will not abandon chasing its quarry until it is caught.,455,1.2692307692307692,1.2692307692307692,311.8055555555556,32.0,3,Low,High,Low,Low,Medium,High,Medium
58,growlithe,7,190,55,70,45,70,50,60,{fire},25,Very protective of its territory. It will bark and bite to repel intruders from its space.,350,0.9583333333333334,1.4736842105263157,88.88888888888887,27.142857142857142,2,Low,Low,Very Low,Medium,Very Low,Low,Low
59,arcanine,19,1550,90,110,80,100,80,95,{fire},25,A POKéMON that has been admired since the past for its beauty. It runs agilely as if on wings.,555,1.0555555555555556,1.3125,114.58333333333333,81.57894736842105,2,High,High,Medium,High,Medium,High,Very High
60,poliwag,6,124,40,50,40,40,40,90,{water},26,Its newly grown legs prevent it from running. It appears to prefer swimming than trying to stand.,300,1.125,1.125,333.3333333333333,20.666666666666668,4,Very Low,Very Low,Very Low,Very Low,Very Low,High,Very Low
61,poliwhirl,10,200,65,65,65,50,50,90,{water},26,"Capable of living in or out of water. When out of water, it sweats to keep its body slimy.",385,1.3,1.0,178.4722222222222,20.0,4,Low,Low,Low,Low,Very Low,High,Low
62,poliwrath,13,540,90,95,95,70,90,70,"{water,fighting}",26,An adept swimmer at both the front crawl and breast stroke. Easily overtakes the best human swimmers.,510,1.1875,0.8918918918918919,116.66666666666667,41.53846153846154,4,High,Medium,High,Medium,High,Medium,High
63,abra,9,195,25,20,15,105,55,90,{psychic},27,"Using its ability to read minds, it will identify impending danger and TELEPORT to safety.",310,0.21875,1.7857142857142858,1230.5555555555554,21.666666666666668,3,Very Low,Very Low,Very Low,High,Low,High,Low
64,kadabra,13,565,40,35,30,120,70,105,{psychic},27,It emits special alpha waves from its body that induce headaches just by being close by.,400,0.34210526315789475,1.55,1230.5555555555554,43.46153846153846,3,Very Low,Very Low,Very Low,High,Medium,High,Low
65,alakazam,15,480,55,50,45,135,95,120,{psychic},27,"Its brain can out­ perform a super­ computer. Its intelligence quotient is said to be 5,000.",500,0.41304347826086957,1.3214285714285714,1255.5555555555557,32.0,3,Low,Very Low,Very Low,High,High,High,High
66,machop,8,195,70,80,50,35,35,35,{fighting},28,Loves to build its muscles. It trains in all styles of martial arts to become even stronger.,305,1.8571428571428572,1.3529411764705883,328.47222222222223,24.375,3,Medium,Medium,Very Low,Very Low,Very Low,Very Low,Very Low
67,machoke,15,705,80,100,70,50,60,45,{fighting},28,"Its muscular body is so powerful, it must wear a power save belt to be able to regulate its motions.",405,1.5454545454545454,1.1538461538461537,347.9166666666667,47.0,3,Medium,Medium,Low,Low,Low,Very Low,Low
68,machamp,16,1300,90,130,80,65,85,55,{fighting},28,"Using its heavy muscles, it throws powerful punches that can send the victim clear over the horizon.",505,1.4,1.1818181818181819,561.8055555555555,81.25,3,High,High,Medium,Low,Medium,Low,High
69,bellsprout,7,40,50,75,35,70,30,40,"{grass,poison}",29,A carnivorous POKéMON that traps and eats bugs. It uses its root feet to soak up needed moisture.,300,1.1,2.230769230769231,291.6666666666667,5.714285714285714,3,Very Low,Low,Very Low,Medium,Very Low,Very Low,Very Low
70,weepinbell,10,64,65,90,50,85,45,55,"{grass,poison}",29,It spits out POISONPOWDER to immobilize the enemy and then finishes it with a spray of ACID.,390,1.0769230769230769,1.8421052631578947,291.6666666666667,6.4,3,Low,Medium,Very Low,Medium,Very Low,Low,Low
71,victreebel,17,155,80,105,65,100,70,70,"{grass,poison}",29,"Said to live in huge colonies deep in jungles, although no one has ever returned from there.",490,1.0,1.5185185185185186,238.8888888888889,9.117647058823529,3,Medium,High,Low,High,Medium,Medium,High
72,tentacool,9,455,40,40,35,50,100,70,"{water,poison}",30,Drifts in shallow seas. Anglers who hook them by accident are often punished by its stinging acid.,335,0.5,0.6666666666666666,520.1388888888889,50.55555555555556,2,Very Low,Very Low,Very Low,Low,High,Medium,Low
73,tentacruel,16,550,80,70,65,80,120,100,"{water,poison}",30,"The tentacles are normally kept short. On hunts, they are extended to ensnare and immobilize prey.",515,0.675,0.8108108108108109,353.4722222222222,34.375,2,Medium,Low,Low,Medium,High,High,High
74,geodude,4,200,40,80,100,30,30,20,"{rock,ground}",31,"Found in fields and mountains. Mistaking them for boulders, people often step or trip on them.",300,3.0,0.8461538461538461,866.6666666666666,50.0,3,Very Low,Medium,High,Very Low,Very Low,Very Low,Very Low
75,graveler,10,1050,55,95,115,45,45,35,"{rock,ground}",31,Rolls down slopes to move. It rolls over any obstacle without slowing or changing its direction.,390,2.3333333333333335,0.875,866.6666666666666,105.0,3,Low,Medium,High,Very Low,Very Low,Very Low,Low
76,golem,14,3000,80,120,130,55,65,45,"{rock,ground}",31,Its boulder-like body is extremely hard. It can easily withstand dynamite blasts without damage.,495,2.0833333333333335,0.8974358974358975,1022.9166666666666,214.28571428571428,3,Medium,High,High,Low,Low,Very Low,High
77,ponyta,10,300,50,85,55,65,65,90,{fire},32,Its hooves are 10 times harder than diamonds. It can trample anything completely flat in little time.,410,1.0769230769230769,1.25,213.88888888888889,30.0,2,Very Low,Medium,Low,Low,Low,High,Medium
78,rapidash,17,950,65,100,70,80,80,105,{fire},32,"Very competitive, this POKéMON will chase anything that moves fast in the hopes of racing it.",500,1.0625,1.2,213.88888888888889,55.88235294117647,2,Low,Medium,Low,Medium,Medium,High,High
79,slowpoke,12,360,90,65,65,40,40,15,"{water,psychic}",33,Incredibly slow and dopey. It takes 5 seconds for it to feel pain when under attack.,315,1.625,1.0,572.9166666666666,30.0,3,High,Low,Low,Very Low,Very Low,Very Low,Low
80,slowbro,16,785,95,75,110,100,80,30,"{water,psychic}",33,The SHELLDER that is latched onto SLOWPOKE's tail is said to feed on the host's left over scraps.,490,1.0277777777777777,0.9210526315789473,672.2222222222222,49.0625,3,High,Low,High,High,Medium,Very Low,High
81,magnemite,3,60,25,35,70,95,55,45,"{electric,steel}",34,Uses anti-gravity to stay suspended. Appears without warning and uses THUNDER WAVE and similar moves.,325,0.7,1.04,536.8055555555555,20.0,3,Very Low,Very Low,Low,High,Low,Very Low,Low
82,magneton,10,600,50,60,95,120,70,70,"{electric,steel}",34,Formed by several MAGNEMITEs linked together. They frequently appear when sunspots flare up.,465,0.8157894736842105,1.0909090909090908,547.9166666666666,60.0,3,Very Low,Low,High,High,Medium,Medium,Medium
83,farfetchd,8,150,52,90,55,58,62,60,"{normal,flying}",35,The sprig of green onions it holds is its weapon. It is used much like a metal sword.,377,1.2083333333333333,1.264957264957265,158.13888888888889,18.75,2,Low,Medium,Low,Low,Low,Low,Low
84,doduo,14,392,35,85,45,35,35,75,"{normal,flying}",36,A bird that makes up for its poor flying with its fast foot speed. Leaves giant footprints.,310,1.8571428571428572,1.5,422.22222222222234,28.0,2,Very Low,Medium,Very Low,Very Low,Very Low,Medium,Low
85,dodrio,18,852,60,110,70,60,60,110,"{normal,flying}",36,"Uses its three brains to execute complex plans. While two heads sleep, one head stays awake.",470,1.5,1.3076923076923077,513.8888888888888,47.333333333333336,2,Low,High,Low,Low,Low,High,Medium
86,seel,11,900,65,45,55,45,70,45,{water},37,The protruding horn on its head is very hard. It is used for bashing through thick ice.,325,0.8695652173913043,0.72,103.47222222222223,81.81818181818181,2,Low,Very Low,Low,Very Low,Medium,Very Low,Low
87,dewgong,17,1200,90,70,80,70,95,70,"{water,ice}",37,Stores thermal energy in its body. Swims at a steady 8 knots even in intensely cold waters.,475,0.9090909090909091,0.8,103.47222222222221,70.58823529411765,2,High,Low,Medium,Medium,High,Medium,Medium
88,grimer,9,300,80,80,50,40,50,25,{poison},38,Appears in filthy areas. Thrives by sucking up polluted sludge that is pumped out of factories.,325,1.4444444444444444,1.2,403.4722222222222,33.333333333333336,2,Medium,Medium,Very Low,Very Low,Very Low,Very Low,Low
89,muk,12,300,105,105,75,65,100,50,{poison},38,"Thickly covered with a filthy, vile sludge. It is so toxic, even its footprints contain poison.",500,1.0909090909090908,0.9714285714285714,455.5555555555556,25.0,2,High,High,Medium,Low,High,Low,High
90,shellder,3,40,30,65,100,45,25,40,{water},39,Its hard shell repels any kind of attack. It is vulnerable only when its shell is open.,305,2.357142857142857,0.88,645.1388888888889,13.333333333333334,2,Very Low,Low,High,Very Low,Very Low,Very Low,Very Low
91,cloyster,15,1325,50,95,180,85,45,70,"{water,ice}",39,"When attacked, it launches its horns in quick volleys. Its innards have never been seen.",525,2.1153846153846154,0.8,2022.9166666666667,88.33333333333333,2,Very Low,Medium,High,Medium,Very Low,Medium,High
92,gastly,13,1,30,35,30,100,35,80,"{ghost,poison}",40,"Almost invisible, this gaseous POKéMON cloaks the target and puts it to sleep without notice.",310,0.48148148148148145,2.076923076923077,772.2222222222223,0.07692307692307693,3,Very Low,Very Low,Very Low,High,Very Low,Medium,Low
93,haunter,16,1,45,50,45,115,55,95,"{ghost,poison}",40,"Because of its ability to slip through block walls, it is said to be from an­ other dimension.",405,0.5588235294117647,1.65,747.9166666666666,0.0625,3,Very Low,Very Low,Very Low,High,Low,High,Low
94,gengar,15,405,60,65,60,130,75,110,"{ghost,poison}",40,"Under a full moon, this POKéMON likes to mimic the shadows of people and laugh at their fright.",500,0.6097560975609756,1.4444444444444444,730.5555555555557,27.0,3,Low,Low,Low,High,Medium,High,High
95,onix,88,2100,35,45,160,30,45,70,"{rock,ground}",41,"As it grows, the stone portions of its body harden to become similar to a diamond, but colored black.",385,2.7333333333333334,0.36585365853658536,1995.138888888889,23.863636363636363,2,Very Low,Very Low,High,Very Low,Very Low,Medium,Low
96,drowzee,10,324,60,48,45,43,90,42,{psychic},42,Puts enemies to sleep then eats their dreams. Occasionally gets sick from eating bad dreams.,328,0.6992481203007519,0.674074074074074,285.22222222222223,32.4,2,Low,Very Low,Very Low,Very Low,High,Very Low,Low
97,hypno,16,756,85,73,70,73,115,67,{psychic},42,"When it locks eyes with an enemy, it will use a mix of PSI moves such as HYPNOSIS and CONFUSION.",483,0.7606382978723404,0.7891891891891892,269.25,47.25,2,Medium,Low,Low,Medium,High,Medium,High
98,krabby,4,65,30,105,90,25,25,50,{water},43,"Its pincers are not only powerful weapons, they are used for balance when walking sideways.",325,3.9,1.1304347826086956,1028.4722222222224,16.25,2,Very Low,High,Medium,Very Low,Very Low,Low,Low
99,kingler,13,600,55,130,115,50,50,75,{water},43,"The large pincer has 10000 hp of crushing power. However, its huge size makes it unwieldy to use.",475,2.45,1.0909090909090908,1028.4722222222222,46.15384615384615,2,Low,High,High,Low,Very Low,Medium,Medium
100,voltorb,5,104,40,30,50,55,55,100,{electric},44,"Usually found in power plants. Easily mistaken for a POKé BALL, they have zapped many people.",330,0.7272727272727273,0.8095238095238095,483.3333333333333,20.8,2,Very Low,Very Low,Very Low,Low,Low,High,Low
101,electrode,12,666,60,50,70,80,80,150,{electric},44,It stores electric energy under very high pressure. It often explodes with little or no provocation.,490,0.75,0.8666666666666667,1047.2222222222222,55.5,2,Low,Very Low,Low,Medium,Medium,High,High
102,exeggcute,4,25,60,40,80,60,45,40,"{grass,psychic}",45,"Often mistaken for eggs. When disturbed, they quickly gather and attack in swarms.",325,1.1428571428571428,0.8,203.4722222222222,6.25,2,Low,Very Low,Medium,Low,Very Low,Very Low,Low
103,exeggutor,20,1200,95,95,85,125,75,55,"{grass,psychic}",45,"Legend has it that on rare occasions, one of its heads will drop off and continue on as an EXEGGCUTE.",530,0.9,1.375,455.5555555555555,60.0,2,High,Medium,Medium,High,Medium,Low,Very High
104,cubone,4,65,50,50,95,40,50,35,{ground},46,"Because it never removes its skull helmet, no one has ever seen this POKéMON's real face.",320,1.6111111111111112,0.6206896551724138,380.5555555555555,16.25,2,Very Low,Very Low,High,Very Low,Very Low,Very Low,Low
105,marowak,10,450,60,80,110,50,80,45,{ground},46,The bone it holds is its key weapon. It throws the bone skillfully like a boomerang to KO targets.,425,1.4615384615384615,0.6842105263157895,486.8055555555555,45.0,2,Low,Medium,High,Low,Medium,Very Low,Medium
106,hitmonlee,15,498,50,120,53,35,110,87,{fighting},47,"When in a hurry, its legs lengthen progressively. It runs smoothly with extra long, loping strides.",455,1.193103448275862,0.950920245398773,1016.4722222222222,33.2,4,Very Low,High,Low,Very Low,High,Medium,Medium
107,hitmonchan,14,502,50,105,79,35,110,76,{fighting},47,"While apparently doing nothing, it fires punches in lightning fast volleys that are impossible to see.",455,1.2689655172413794,0.7407407407407407,727.1388888888888,35.857142857142854,4,Very Low,High,Medium,Very Low,High,Medium,Medium
108,lickitung,12,655,90,55,75,60,75,30,{normal},48,Its tongue can be extended like a chameleon's. It leaves a tingling sensation when it licks enemies.,385,0.9629629629629629,0.7666666666666667,361.8055555555556,54.583333333333336,2,High,Very Low,Medium,Low,Medium,Very Low,Low
109,koffing,6,10,40,65,95,60,45,35,{poison},49,"Because it stores several kinds of toxic gases in its body, it is prone to exploding without warning.",340,1.5238095238095237,0.8928571428571429,405.5555555555555,1.6666666666666667,2,Very Low,Low,High,Low,Very Low,Very Low,Low
110,weezing,12,95,65,90,120,85,70,60,{poison},49,"Where two kinds of poison gases meet, 2 KOFFINGs can fuse into a WEEZING over many years.",490,1.3548387096774193,0.9210526315789473,405.5555555555556,7.916666666666667,2,Low,Medium,High,Medium,Medium,Low,High
111,rhyhorn,10,1150,80,85,95,30,30,25,"{ground,rock}",50,"A POKéMON with a one-track mind. Once it charges,  it won't stop running until it falls asleep.",345,3.0,0.92,872.9166666666666,115.0,3,Medium,Medium,High,Very Low,Very Low,Very Low,Low
112,rhydon,19,1200,105,130,120,45,45,40,"{ground,rock}",50,"Protected by an armor-like hide, it is capable of living in molten lava of 3,600 degrees.",485,2.7777777777777777,1.0606060606060606,1461.8055555555557,63.1578947368421,3,High,High,High,Very Low,Very Low,Very Low,High
113,chansey,11,346,250,5,5,35,105,50,{normal},51,A rare and elusive POKéMON that is said to bring happiness to those who manage to get it.,450,0.07142857142857142,0.36363636363636365,7258.333333333333,31.454545454545453,3,High,Very Low,Very Low,Very Low,High,Low,Medium
114,tangela,10,350,65,55,115,100,40,60,{grass},52,The whole body is swathed with wide vines that are similar to sea­ weed. Its vines shake as it walks.,435,1.2142857142857142,1.0,689.5833333333334,35.0,2,Low,Very Low,High,High,Very Low,Low,Medium
115,kangaskhan,22,800,105,95,80,40,80,90,{normal},53,The infant rarely ventures out of its mother's protective pouch until it is 3 years old.,490,1.4583333333333333,0.84375,422.22222222222223,36.36363636363637,1,High,Medium,Medium,Very Low,Medium,High,High
116,horsea,4,80,30,40,70,70,25,60,{water},54,Known to shoot down flying bugs with precision blasts of ink from the surface of the water.,295,1.1578947368421053,1.1578947368421053,336.80555555555554,20.0,3,Very Low,Very Low,Low,Medium,Very Low,Low,Very Low
117,seadra,12,250,55,65,95,95,45,85,{water},54,Capable of swim­ ming backwards by rapidly flapping its wing-like pectoral fins and stout tail.,440,1.1428571428571428,1.1428571428571428,380.5555555555556,20.833333333333332,3,Low,Low,High,High,Very Low,Medium,Medium
118,goldeen,6,150,45,67,60,35,50,63,{water},55,"Its tail fin billows like an elegant ballroom dress, giving it the nickname of the Water Queen.",320,1.4941176470588236,0.9272727272727272,123.55555555555554,25.0,2,Very Low,Low,Low,Very Low,Very Low,Low,Low
119,seaking,13,390,80,92,65,65,80,68,{water},55,"In the autumn spawning season, they can be seen swimming powerfully up rivers and creeks.",450,1.0827586206896551,1.0827586206896551,98.0,30.0,2,Medium,Medium,Low,Low,Medium,Medium,Medium
120,staryu,8,345,30,45,55,70,55,85,{water},56,"If its body is torn, it can grow back if the red core remains. The core flashes at midnight.",340,0.8,1.0454545454545454,305.5555555555556,43.125,2,Very Low,Very Low,Low,Medium,Low,Medium,Low
121,starmie,11,800,60,75,85,100,85,115,"{water,psychic}",56,Its central core glows with the seven colors of the rainbow. Some people value the core as a gem.,520,0.8648648648648649,1.0294117647058822,305.5555555555556,72.72727272727273,2,Low,Low,Medium,High,Medium,High,High
122,mr-mime,13,545,40,45,65,100,120,90,"{psychic,fairy}",57,"If interrupted while it is miming, it will slap around the offender with its broad hands.",460,0.5,0.7837837837837838,847.2222222222222,41.92307692307692,3,Very Low,Very Low,Low,High,High,High,Medium
123,scyther,15,560,70,110,80,55,80,105,"{bug,flying}",58,"With ninja-like agility and speed, it can create the illusion that there is more than one.",500,1.4074074074074074,1.03125,363.88888888888886,37.333333333333336,3,Medium,High,Medium,Low,Medium,High,High
124,jynx,14,406,65,50,35,115,95,95,"{ice,psychic}",59,It seductively wiggles its hips as it walks. It can cause people to dance in unison with it.,455,0.40476190476190477,1.2692307692307692,786.8055555555555,29.0,2,Low,Very Low,Very Low,High,High,High,Medium
125,electabuzz,11,300,65,83,57,95,85,105,{electric},60,"Normally found near power plants, they can wander away and cause major blackouts in cities.",490,0.7777777777777778,1.2535211267605635,270.22222222222223,27.272727272727273,3,Low,Medium,Low,High,Medium,High,High
126,magmar,13,445,65,95,57,100,85,93,{fire},61,Its body always burns with an orange glow that enables it to hide perfectly among flames.,495,0.8216216216216217,1.3732394366197183,255.91666666666666,34.23076923076923,3,Low,Medium,Low,High,Medium,High,High
127,pinsir,15,550,65,125,100,55,70,85,{bug},62,"If it fails to crush the victim in its pincers, it will swing it around and toss it hard.",500,1.8,1.0588235294117647,555.5555555555555,36.666666666666664,1,Low,High,High,Low,Medium,Medium,High
128,tauros,14,884,75,100,95,40,70,110,{normal},63,"When it targets an enemy, it charges furiously while whipping its body with its long tails.",490,1.7727272727272727,0.8484848484848485,538.8888888888888,63.142857142857146,1,Medium,Medium,High,Very Low,Medium,High,High
129,magikarp,9,100,20,10,55,15,20,80,{water},64,"In the distant past, it was somewhat stronger than the horribly weak descendants that exist today.",200,1.8571428571428572,0.3333333333333333,647.2222222222222,11.11111111111111,2,Very Low,Very Low,Low,Very Low,Very Low,Medium,Very Low
130,gyarados,65,2350,95,125,79,60,100,81,"{water,flying}",64,"Once it begins to rampage, a GYARADOS will burn everything down, even in a harsh storm.",540,1.275,1.0335195530726258,408.6666666666667,36.15384615384615,2,High,High,Medium,Low,High,Medium,Very High
131,lapras,25,2200,130,85,80,85,95,60,"{water,ice}",65,A POKéMON that has been over­ hunted almost to extinction. It can ferry people across the water.,535,0.9166666666666666,0.9714285714285714,445.13888888888886,88.0,1,High,Medium,Medium,Medium,High,Low,Very High
132,ditto,3,40,48,48,48,48,48,48,{normal},66,Capable of copying an enemy's genetic code to instantly transform itself into a duplicate of the enemy.,288,1.0,1.0,0.0,13.333333333333334,1,Very Low,Very Low,Very Low,Low,Very Low,Low,Very Low
133,eevee,3,65,55,55,50,45,65,55,{normal},67,Its genetic code is irregular. It may mutate if it is exposed to radiation from element STONEs.,325,0.9545454545454546,0.8695652173913043,36.80555555555555,21.666666666666668,9,Low,Very Low,Very Low,Very Low,Low,Low,Low
134,vaporeon,10,290,130,65,60,110,95,65,{water},67,Lives close to water. Its long tail is ridged with a fin which is often mistaken for a mermaid's.,525,0.6097560975609756,1.1290322580645162,689.5833333333334,29.0,9,High,Low,Low,High,High,Low,High
135,jolteon,8,245,65,65,60,110,95,130,{electric},67,It accumulates negative ions in the atmosphere to blast out 10000- volt lightning bolts.,525,0.6097560975609756,1.1290322580645162,689.5833333333334,30.625,9,Low,Low,Low,High,High,High,High
136,flareon,9,250,65,130,60,95,110,65,{fire},67,"When storing thermal energy in its body, its temperature could soar to over 1600 degrees.",525,0.926829268292683,1.3235294117647058,689.5833333333334,27.77777777777778,9,Low,High,Low,High,High,Low,High
137,porygon,8,365,65,60,70,85,75,40,{normal},68,A POKéMON that consists entirely of programming code. Capable of moving freely in cyberspace.,395,0.8125,1.0,195.1388888888889,45.625,3,Low,Low,Low,Medium,Medium,Very Low,Low
138,omanyte,4,75,35,40,100,90,55,35,"{rock,water}",69,"Although long extinct, in rare cases, it can be genetically resurrected from fossils.",355,0.9655172413793104,0.8387096774193549,695.1388888888888,18.75,2,Very Low,Very Low,High,Medium,Low,Very Low,Low
139,omastar,10,350,70,60,125,115,70,55,"{rock,water}",69,A prehistoric POKéMON that died out when its heavy shell made it impossible to catch prey.,495,1.0,0.8974358974358975,739.5833333333334,35.0,2,Medium,Low,High,High,Medium,Low,High
140,kabuto,5,115,30,80,90,55,45,55,"{rock,water}",70,A POKéMON that was resurrected from a fossil found in what was once the ocean floor eons ago.,355,1.7,1.0,411.80555555555566,23.0,2,Very Low,Medium,Medium,Low,Very Low,Low,Low
141,kabutops,13,405,60,115,105,65,70,80,"{rock,water}",70,Its sleek shape is perfect for swim­ ming. It slashes prey with its claws and drains the body fluids.,495,1.6296296296296295,1.0285714285714285,422.9166666666667,31.153846153846153,2,Low,High,High,Low,Medium,Medium,High
142,aerodactyl,18,590,80,105,65,60,75,130,"{rock,flying}",71,A Pokémon that roamed the skies in the dinosaur era. Its teeth are like saw blades.,515,1.2592592592592593,1.1785714285714286,595.1388888888888,32.77777777777778,1,Medium,High,Low,Low,Medium,High,High
143,snorlax,21,4600,160,110,65,65,110,30,{normal},72,"Very lazy. Just eats and sleeps. As its rotund bulk builds, it becomes steadily more slothful.",540,1.0,1.0,1758.3333333333333,219.04761904761904,2,High,High,Low,Low,High,Very Low,Very High
144,articuno,17,554,90,85,100,95,125,85,"{ice,flying}",73,A legendary bird POKéMON that is said to appear to doomed people who are lost in icy mountains.,580,0.8409090909090909,0.8,188.8888888888889,32.588235294117645,1,High,Medium,High,High,High,Medium,Very High
145,zapdos,16,526,90,90,85,125,90,100,"{electric,flying}",74,A legendary bird POKéMON that is said to appear from clouds while dropping enormous lightning bolts.,580,0.813953488372093,1.2285714285714286,180.55555555555557,32.875,1,High,Medium,Medium,High,High,High,Very High
146,moltres,20,600,90,100,90,125,85,90,"{fire,flying}",75,Known as the legendary bird of fire. Every flap of its wings creates a dazzling flash of flames.,580,0.9047619047619048,1.2857142857142858,180.55555555555557,30.0,1,High,Medium,Medium,High,Medium,High,Very High
147,dratini,18,33,41,64,45,50,50,50,{dragon},76,Long considered a mythical POKéMON until recently when a small colony was found living underwater.,300,1.09,1.2,50.333333333333336,1.8333333333333333,3,Very Low,Low,Very Low,Low,Very Low,Low,Very Low
148,dragonair,40,165,61,84,65,70,70,70,{dragon},76,A mystical POKéMON that exudes a gentle aura. Has the ability to change climate conditions.,420,1.0642857142857143,1.1407407407407408,50.333333333333336,4.125,3,Low,Medium,Low,Medium,Medium,Medium,Medium
149,dragonite,22,2100,91,134,95,100,100,80,"{dragon,flying}",76,An extremely rarely seen marine POKéMON. Its intelligence is said to match that of humans.,600,1.145,1.2,277.0,95.45454545454545,3,High,High,High,High,High,Medium,Very High
150,mewtwo,20,1220,106,110,90,154,90,130,{psychic},77,It was created by a scientist after years of horrific gene splicing and DNA engineering experiments.,680,0.819672131147541,1.4666666666666666,514.2222222222223,61.0,1,High,High,Medium,High,High,High,Very High
151,mew,4,40,100,100,100,100,100,100,{psychic},78,So rare that it is still said to be a mirage by many experts. Only a few people have seen it worldwide.,600,1.0,1.0,0.0,10.0,1,High,Medium,High,High,High,High,Very High
152,chikorita,9,64,45,49,65,49,65,45,{grass},79,A sweet aroma gently wafts from the leaf on its head. It is docile and loves to soak up the sun's rays.,318,1.0,0.7538461538461538,74.66666666666667,7.111111111111111,3,Very Low,Very Low,Low,Low,Low,Very Low,Low
153,bayleef,12,158,60,62,80,63,80,60,{grass},79,"The scent of spices comes from around its neck. Somehow, sniffing it makes you want to fight.",405,0.993006993006993,0.78125,79.25,13.166666666666666,3,Low,Low,Medium,Low,Medium,Low,Low
154,meganium,18,1005,80,82,100,83,100,80,{grass},79,The aroma that rises from its petals contains a substance that calms aggressive feelings.,525,0.994535519125683,0.825,79.25,55.833333333333336,3,Medium,Medium,High,Medium,High,Medium,High
155,cyndaquil,5,79,39,52,43,60,50,65,{fire},80,"It has a timid nature. If it is startled, the flames on its back burn more vigorously.",309,0.8636363636363636,1.2043010752688172,80.91666666666667,15.8,3,Very Low,Very Low,Very Low,Low,Very Low,Low,Very Low
156,quilava,9,190,58,64,58,80,65,80,{fire},80,Be careful if it turns its back during battle. It means that it will attack with the fire on its back.,405,0.8413793103448276,1.170731707317073,85.25,21.11111111111111,3,Low,Low,Low,Medium,Low,Medium,Low
157,typhlosion,17,795,78,84,78,109,85,100,{fire},80,"If its rage peaks, it becomes so hot that anything that touches it will instantly go up in flames.",534,0.8350515463917526,1.1840490797546013,134.0,46.76470588235294,3,Medium,Medium,Medium,High,Medium,High,Very High
158,totodile,6,95,50,65,64,44,48,43,{water},81,Its well-developed jaws are powerful and capable of crushing anything. Even its trainer must be careful.,314,1.4021739130434783,0.9732142857142857,79.55555555555556,15.833333333333334,3,Very Low,Low,Low,Very Low,Very Low,Very Low,Low
159,croconaw,11,250,65,80,80,59,63,58,{water},81,"If it loses a fang, a new one grows back in its place. There are always 48 fangs lining its mouth.",405,1.3114754098360655,0.972027972027972,83.58333333333333,22.727272727272727,3,Low,Medium,Medium,Low,Low,Low,Low
160,feraligatr,23,888,85,105,100,79,83,78,{water},81,"When it bites with its massive and powerful jaws, it shakes its head and savagely tears its victim up.",530,1.2654320987654322,1.005464480874317,107.8888888888889,38.608695652173914,3,Medium,High,High,Medium,Medium,Medium,Very High
161,sentret,8,60,35,46,34,35,45,20,{normal},82,"A very cautious POKéMON, it raises itself up using its tail to get a better view of its surroundings.",215,1.0,1.0253164556962024,73.80555555555556,7.5,2,Very Low,Very Low,Very Low,Very Low,Very Low,Very Low,Very Low
162,furret,18,325,85,76,64,45,55,90,{normal},82,It makes a nest to suit its long and skinny body. The nest is impossible for other POKéMON to enter.,415,1.4,1.0168067226890756,257.1388888888889,18.055555555555557,2,Medium,Medium,Low,Very Low,Low,High,Medium
163,hoothoot,7,212,60,30,30,36,56,50,"{normal,flying}",83,"It always stands on one foot. It changes feet so fast, the movement can rarely be seen.",262,0.6521739130434783,0.7674418604651163,148.55555555555554,30.285714285714285,2,Low,Very Low,Very Low,Very Low,Low,Low,Very Low
164,noctowl,16,408,100,50,50,86,96,70,"{normal,flying}",83,Its eyes are specially adapted. They concentrate even faint light and enable it to see in the dark.,452,0.5494505494505495,0.9315068493150684,410.2222222222222,25.5,2,High,Very Low,Very Low,Medium,High,Medium,Medium
165,ledyba,10,108,40,20,30,40,80,55,"{bug,flying}",84,It is very timid. It will be afraid to move if it is alone. But it will be active if it is in a group.,265,0.4166666666666667,0.5454545454545454,370.1388888888889,10.8,2,Very Low,Very Low,Very Low,Very Low,Medium,Low,Very Low
166,ledian,14,356,55,35,50,55,110,85,"{bug,flying}",84,"When the stars flicker in the night sky, it flutters about, scattering a glowing powder.",390,0.5151515151515151,0.5625,625.0,25.428571428571427,2,Low,Very Low,Very Low,Low,High,Medium,Low
167,spinarak,5,85,40,60,40,40,40,30,"{bug,poison}",85,"It lies still in the same pose for days in its web, waiting for its unsuspecting prey to wander close.",250,1.25,1.25,80.55555555555556,17.0,2,Very Low,Low,Very Low,Very Low,Very Low,Very Low,Very Low
168,ariados,11,335,70,90,70,60,70,40,"{bug,poison}",85,It spins string not only from its rear but also from its mouth. It is hard to tell which end is which.,400,1.2307692307692308,1.0714285714285714,222.2222222222222,30.454545454545453,2,Medium,Medium,Low,Low,Medium,Very Low,Low
169,crobat,18,750,85,90,80,70,80,130,"{poison,flying}",17,It flies so si­ lently through the dark on its four wings that it may not be noticed even when nearby.,535,1.1333333333333333,1.0,370.13888888888886,41.666666666666664,3,Medium,Medium,Medium,Medium,Medium,High,Very High
170,chinchou,5,120,75,38,38,56,56,67,"{water,electric}",86,Chinchou blink their shining antennae at one another to claim their respective turf.,330,0.6785714285714286,1.0,187.33333333333334,24.0,2,Medium,Very Low,Very Low,Low,Low,Medium,Low
171,lanturn,12,225,125,58,58,76,76,67,"{water,electric}",86,The light it emits is so bright that it can illuminate the sea's surface from a depth of over three miles.,460,0.7631578947368421,1.0,521.2222222222223,18.75,2,High,Low,Low,Medium,Medium,Medium,Medium
172,pichu,3,20,20,40,15,35,35,60,{electric},10,It is not yet skilled at storing electricity. It may send out a jolt if amused or startled.,205,0.7857142857142857,1.5,211.80555555555557,6.666666666666667,3,Very Low,Very Low,Very Low,Very Low,Very Low,Low,Very Low
173,cleffa,3,30,50,25,28,45,55,15,{fairy},14,"Because of its unusual, star-like silhouette, people believe that it came here on a meteor.",218,0.53,0.8433734939759037,210.55555555555554,10.0,3,Very Low,Very Low,Very Low,Very Low,Low,Very Low,Very Low
174,igglybuff,3,10,90,30,15,40,20,15,"{normal,fairy}",16,"It has a very soft body. If it starts to roll, it will bounce all over and be impossible to stop.",210,0.75,2.0,683.3333333333334,3.3333333333333335,3,High,Very Low,Very Low,Very Low,Very Low,Very Low,Very Low
175,togepi,3,15,35,20,65,40,65,20,{fairy},87,The shell seems to be filled with joy. It is said that it will share good luck when treated kindly.,245,0.8095238095238095,0.46153846153846156,345.1388888888889,5.0,3,Very Low,Very Low,Low,Very Low,Low,Very Low,Very Low
176,togetic,6,32,55,40,85,80,105,40,"{fairy,flying}",87,"They say that it will appear before kindhearted, car­ ing people and shower them with happiness.",405,0.6756756756756757,0.631578947368421,589.5833333333334,5.333333333333333,3,Low,Very Low,Medium,Medium,High,Very Low,Low
177,natu,2,20,40,50,45,70,45,70,"{psychic,flying}",88,"Because its wings aren't yet fully grown, it has to hop to get around. It is always star­ ing at something.",320,0.8260869565217391,1.3333333333333333,147.2222222222222,10.0,2,Very Low,Very Low,Very Low,Medium,Very Low,Medium,Low
178,xatu,15,150,65,75,70,95,70,95,"{psychic,flying}",88,They say that it stays still and quiet because it is seeing both the past and future at the same time.,470,0.8787878787878788,1.2142857142857142,147.22222222222223,10.0,2,Low,Low,Low,High,Medium,High,Medium
179,mareep,6,78,55,40,40,65,45,35,{electric},89,"If static elec­ tricity builds in its body, its fleece doubles in volume. Touching it will shock you.",280,0.7272727272727273,1.2352941176470589,105.55555555555556,13.0,3,Low,Very Low,Very Low,Low,Very Low,Very Low,Very Low
180,flaaffy,8,133,70,55,55,80,60,45,{electric},89,"As a result of storing too much electricity, it developed patches where even downy wool won't grow.",365,0.7857142857142857,1.173913043478261,128.4722222222222,16.625,3,Medium,Very Low,Low,Medium,Low,Very Low,Low
181,ampharos,14,615,90,75,85,115,90,55,{electric},89,The tail's tip shines brightly and can be seen from far away. It acts as a beacon for lost people.,510,0.7804878048780488,1.0857142857142856,325.0,43.92857142857143,3,High,Low,Medium,High,High,Low,High
182,bellossom,4,58,75,80,95,90,100,50,{grass},18,"Plentiful in the tropics. When it dances, its petals rub together and make a pleasant ringing sound.",490,0.9210526315789473,0.8717948717948718,272.22222222222223,14.5,4,Medium,Medium,High,Medium,High,Low,High
183,marill,4,85,70,20,50,20,50,40,"{water,fairy}",90,"The tip of its tail, which con­ tains oil that is lighter than wa­ ter, lets it swim without drowning.",250,1.0,0.4,313.8888888888889,21.25,3,Medium,Very Low,Very Low,Very Low,Very Low,Very Low,Very Low
184,azumarill,8,285,100,50,80,60,80,50,"{water,fairy}",90,It lives in water virtually all day long. Its body color and pattern act as camouflage that makes it tough for enemies to spot in water.,420,0.9285714285714286,0.6875,333.3333333333333,35.625,3,High,Very Low,Medium,Low,Medium,Low,Medium
185,sudowoodo,12,380,70,100,115,30,65,30,{rock},91,"Although it always pretends to be a tree, its composi­ tion appears to be closer to a rock than a plant.",410,2.263157894736842,0.7222222222222222,1022.2222222222223,31.666666666666668,2,Medium,Medium,High,Very Low,Low,Very Low,Medium
186,politoed,11,339,90,75,75,90,100,70,{water},26,"If POLIWAG and POLIWHIRL hear its echoing cry, they respond by gather­ ing from far and wide.",500,0.7894736842105263,0.9428571428571428,113.8888888888889,30.818181818181817,4,High,Low,Medium,Medium,High,Medium,High
187,hoppip,4,5,35,35,40,35,55,50,"{grass,flying}",92,"To keep from being blown away by the wind, they gather in clusters. They do enjoy gentle breezes, though.",250,0.8333333333333334,0.7368421052631579,63.88888888888889,1.25,3,Very Low,Very Low,Very Low,Very Low,Low,Low,Very Low
188,skiploom,6,10,55,45,50,45,65,80,"{grass,flying}",92,The bloom on top of its head opens and closes as the temperature fluc­ tuates up and down.,340,0.8636363636363636,0.782608695652174,155.55555555555557,1.6666666666666667,3,Low,Very Low,Very Low,Very Low,Low,Medium,Low
189,jumpluff,8,30,75,55,70,55,95,110,"{grass,flying}",92,"Once it catches the wind, it deft­ ly controls its cotton-puff spores to float, even around the world.",460,0.8333333333333334,0.6666666666666666,405.5555555555555,3.75,3,Medium,Very Low,Low,Low,High,High,Medium
190,aipom,8,115,55,70,55,40,55,85,{normal},93,Its tail is so powerful that it can use it to grab a tree branch and hold itself up in the air.,360,1.3157894736842106,1.0,200.0,14.375,2,Low,Low,Low,Very Low,Low,Medium,Low
191,sunkern,3,18,30,30,30,30,30,30,{grass},94,"It may drop out of the sky suddenly. If attacked by a SPEAROW, it will violently shake its leaves.",180,1.0,1.0,0.0,6.0,2,Very Low,Very Low,Very Low,Very Low,Very Low,Very Low,Very Low
192,sunflora,8,85,75,75,55,105,85,30,{grass},94,"It converts sun­ light into energy. In the darkness after sunset, it closes its petals and becomes still.",425,0.6842105263157895,1.2857142857142858,553.4722222222222,10.625,2,Medium,Low,Low,High,Medium,Very Low,Medium
193,yanma,12,380,65,65,45,75,45,95,"{bug,flying}",95,"If it flaps its wings really fast, it can generate shock waves that will shatter win­ dows in the area.",390,0.9166666666666666,1.5555555555555556,300.0,31.666666666666668,2,Low,Low,Very Low,Medium,Very Low,High,Low
194,wooper,4,85,55,45,45,25,25,15,"{water,ground}",96,This POKéMON lives in cold water. It will leave the water to search for food when it gets cold outside.,210,1.8,1.0,200.0,21.25,3,Low,Very Low,Very Low,Very Low,Very Low,Very Low,Very Low
195,quagsire,14,750,95,85,85,65,65,35,"{water,ground}",96,"This carefree POKéMON has an easy-going nature. While swimming, it always bumps into boat hulls.",430,1.3076923076923077,1.0,388.88888888888886,53.57142857142857,3,High,Medium,Medium,Low,Low,Very Low,Medium
196,espeon,9,265,65,65,60,130,95,110,{psychic},67,It uses the fine hair that covers its body to sense air currents and predict its ene­ my's actions.,525,0.5555555555555556,1.2580645161290323,689.5833333333334,29.444444444444443,9,Low,Low,Low,High,High,High,High
197,umbreon,10,270,95,65,110,60,130,65,{dark},67,"When agitated, this POKéMON pro­ tects itself by spraying poisonous sweat from its pores.",525,0.9210526315789473,0.5208333333333334,689.5833333333334,27.0,9,High,Low,High,Low,High,Low,High
198,murkrow,5,21,60,85,42,85,42,91,"{dark,flying}",97,"Feared and loathed by many, it is believed to bring misfortune to all those who see it at night.",405,1.0,2.0238095238095237,420.25,4.2,2,Low,Medium,Very Low,Medium,Very Low,High,Low
199,slowking,20,795,95,75,80,100,110,30,"{water,psychic}",33,"It has incredible intellect and in­ tuition. Whatever the situation, it remains calm and collected.",490,0.7380952380952381,0.9210526315789473,672.2222222222222,39.75,3,High,Low,Medium,High,High,Very Low,High
200,misdreavus,7,10,60,60,60,85,85,85,{ghost},98,It likes playing mischievous tricks such as screaming and wailing to startle people at night.,435,0.7058823529411765,1.0,156.25,1.4285714285714286,2,Low,Low,Low,Medium,Medium,Medium,Medium
201,unown,5,50,48,72,48,72,48,48,{psychic},99,Their shapes look like hieroglyphs on ancient tab­ lets. It is said that the two are somehow related.,336,1.0,1.5,128.0,10.0,1,Very Low,Low,Very Low,Medium,Very Low,Low,Low
202,wobbuffet,13,285,190,33,58,33,58,33,{psychic},100,"It hates light and shock. If attack­ ed, it inflates its body to pump up its counter­ strike.",405,1.0,0.5689655172413793,3126.25,21.923076923076923,2,High,Very Low,Low,Very Low,Low,Very Low,Low
203,girafarig,15,415,70,80,65,90,65,85,"{normal,psychic}",101,"Its tail has a small brain of its own. Beware! If you get close, it may react to your scent and bite.",455,0.9354838709677419,1.3076923076923077,95.1388888888889,27.666666666666668,2,Medium,Medium,Low,Medium,Low,Medium,Medium
204,pineco,6,72,50,65,90,35,35,15,{bug},102,It likes to make its shell thicker by adding layers of tree bark. The additional weight doesn't bother it.,290,2.2142857142857144,0.8,580.5555555555555,12.0,2,Very Low,Low,Medium,Very Low,Very Low,Very Low,Very Low
205,forretress,12,1258,75,90,140,60,60,40,"{bug,steel}",102,Its entire body is shielded by a steel-hard shell. What lurks inside the armor is a total mystery.,465,1.9166666666666667,0.75,1014.5833333333334,104.83333333333333,2,Medium,Medium,High,Low,Low,Very Low,Medium
206,dunsparce,15,140,100,70,70,65,65,45,{normal},103,"When spotted, this POKéMON escapes backward by furi­ ously boring into the ground with its tail.",415,1.0769230769230769,1.0,261.8055555555556,9.333333333333334,2,High,Low,Low,Low,Low,Very Low,Medium
207,gligar,11,648,65,75,105,35,65,85,"{ground,flying}",104,It flies straight at its target's face then clamps down on the star­ tled victim to inject poison.,430,1.8,0.6470588235294118,455.5555555555556,58.90909090909091,2,Low,Low,High,Very Low,Low,Medium,Medium
208,steelix,92,4000,75,85,200,55,65,30,"{steel,ground}",41,It is thought its body transformed as a result of iron accumulating internally from swallowing soil.,510,2.375,0.5283018867924528,2941.6666666666665,43.47826086956522,2,Medium,Medium,High,Low,Low,Very Low,High
209,snubbull,6,78,60,80,50,40,40,30,{fairy},105,"Although it looks frightening, it is actually kind and affectionate. It is very popular among women.",300,1.625,1.3333333333333333,266.6666666666667,13.0,2,Low,Medium,Very Low,Very Low,Very Low,Very Low,Very Low
210,granbull,14,487,90,120,75,60,60,45,{fairy},105,"It is actually timid and easily spooked. If at­ tacked, it flails about to fend off its attacker.",450,1.625,1.3333333333333333,600.0,34.785714285714285,2,High,High,Medium,Low,Low,Very Low,Medium
211,qwilfish,5,39,65,95,85,55,55,85,"{water,poison}",106,"To fire its poison spikes, it must inflate its body by drinking over 2.6 gallons of water all at once.",440,1.6363636363636365,1.0714285714285714,247.2222222222222,7.8,2,Low,Medium,Medium,Low,Low,Medium,Medium
212,scizor,18,1180,70,130,100,55,80,65,"{bug,steel}",58,It has a steel-hard body. It intimidates foes by upraising its eye-patterned pincers.,500,1.7037037037037037,1.0277777777777777,630.5555555555555,65.55555555555556,3,Medium,High,High,Low,Medium,Low,High
213,shuckle,6,205,20,10,230,10,230,5,"{bug,rock}",107,The BERRIES it stores in its vase-like shell decompose and become a gooey liquid.,505,1.0,0.043478260869565216,10653.47222222222,34.166666666666664,1,Very Low,Very Low,High,Very Low,High,Very Low,High
214,heracross,15,540,80,125,75,40,95,85,"{bug,fighting}",108,"It is usually docile, but if it is disturbed while sipping honey, it chases off the intruder with its horn.",500,1.4814814814814814,0.9705882352941176,638.8888888888889,36.0,1,Medium,High,Medium,Very Low,High,Medium,High
215,sneasel,9,280,55,95,55,35,75,115,"{dark,ice}",109,"Its paws conceal sharp claws. If attacked, it sud­ denly extends the claws and startles its enemy.",430,1.3636363636363635,1.0,722.2222222222222,31.11111111111111,3,Low,Medium,Low,Very Low,Medium,High,Medium
216,teddiursa,6,88,60,80,50,50,50,40,{normal},110,"If it finds honey, its crescent mark glows. It always licks its paws because they are soaked with honey.",330,1.3,1.3,158.33333333333334,14.666666666666666,3,Low,Medium,Very Low,Low,Very Low,Very Low,Low
217,ursaring,18,1258,90,130,75,75,75,55,{normal},110,"Although it is a good climber, it prefers to snap trees with its forelegs and eat fallen BERRIES.",500,1.3666666666666667,1.3666666666666667,538.8888888888888,69.88888888888889,3,High,High,Medium,Medium,Medium,Low,High
218,slugma,7,350,40,40,40,70,40,20,{fire},111,"It never sleeps. It has to keep moving because if it stopped, its magma body would cool and harden.",250,0.7272727272727273,1.375,213.88888888888889,50.0,2,Very Low,Very Low,Very Low,Medium,Very Low,Very Low,Very Low
219,magcargo,8,550,60,50,120,90,80,30,"{fire,rock}",111,The shell on its back is just skin that has cooled and hardened. It breaks easily with a slight touch.,430,1.0,0.7,847.2222222222223,68.75,2,Low,Very Low,High,Medium,Medium,Very Low,Medium
220,swinub,4,65,50,50,40,30,30,50,"{ice,ground}",112,It rubs its snout on the ground to find and dig up food. It sometimes discovers hot springs.,250,1.5,1.1428571428571428,80.55555555555556,16.25,3,Very Low,Very Low,Very Low,Very Low,Very Low,Low,Very Low
221,piloswine,11,558,100,100,80,60,60,50,"{ice,ground}",112,"Because the long hair all over its body obscures its sight, it just keeps charging repeatedly.",450,1.5,1.1428571428571428,391.6666666666667,50.72727272727273,3,High,Medium,Medium,Low,Low,Low,Medium
222,corsola,6,50,65,55,95,65,95,35,"{water,rock}",113,It continuously sheds and grows. The tip of its head is prized as a treasure for its beauty.,410,0.9375,0.631578947368421,455.5555555555555,8.333333333333334,2,Low,Very Low,High,Low,High,Very Low,Medium
223,remoraid,6,120,35,65,35,65,35,65,{water},114,It has superb ac­ curacy. The water it shoots out can strike even moving prey from more than 300 feet.,300,1.0,1.8571428571428572,225.0,20.0,2,Very Low,Low,Very Low,Low,Very Low,Low,Very Low
224,octillery,9,285,75,105,75,105,75,45,{water},114,It traps enemies with its suction- cupped tentacles then smashes them with its rock-hard head.,480,1.0,1.4,425.0,31.666666666666668,2,Medium,High,Medium,High,Medium,Very Low,Medium
225,delibird,9,160,45,55,45,65,45,75,"{ice,flying}",115,It carries food all day long. There are tales about lost people who were saved by the food it had.,330,0.9090909090909091,1.3333333333333333,133.33333333333334,17.77777777777778,1,Very Low,Very Low,Very Low,Low,Very Low,Medium,Low
226,mantine,21,2200,85,40,70,80,140,70,"{water,flying}",116,"As it majestically swims, it doesn't care if REMORAID attach to it for scavenging its leftovers.",485,0.5,0.5714285714285714,903.4722222222222,104.76190476190476,2,Medium,Very Low,Low,Medium,High,Medium,High
227,skarmory,17,505,65,80,140,40,70,70,"{steel,flying}",117,"Its sturdy wings look heavy, but they are actually hollow and light, allowing it to fly freely in the sky.",465,2.0,0.5714285714285714,931.25,29.705882352941178,1,Low,Medium,High,Very Low,Medium,Medium,Medium
228,houndour,6,108,45,60,30,80,50,65,"{dark,fire}",118,It uses different kinds of cries for communicating with others of its kind and for pursuing its prey.,330,0.6923076923076923,1.75,250.0,18.0,2,Very Low,Low,Very Low,Medium,Very Low,Low,Low
229,houndoom,14,350,75,90,50,110,80,95,"{dark,fire}",118,"If you are burned by the flames it shoots from its mouth, the pain will never go away.",500,0.7368421052631579,1.5384615384615385,347.22222222222223,25.0,2,Medium,Medium,Very Low,High,Medium,High,High
230,kingdra,18,1520,75,95,95,95,95,85,"{water,dragon}",54,It is said that it usually hides in underwater caves. It can create whirlpools by yawning.,540,1.0,1.0,58.333333333333336,84.44444444444444,3,Medium,Medium,High,High,High,Medium,Very High
231,phanpy,5,335,90,60,60,40,40,40,{ground},119,"It swings its long snout around play­ fully, but because it is so strong, that can be dan­ gerous.",330,1.5,1.0,325.0,67.0,2,High,Low,Low,Very Low,Very Low,Very Low,Low
232,donphan,11,1200,90,120,120,60,60,50,{ground},119,"It has sharp, hard tusks and a rugged hide. Its TACKLE is strong enough to knock down a house.",500,2.0,1.0,822.2222222222223,109.0909090909091,2,High,High,High,Low,Low,Low,High
233,porygon2,6,325,85,80,90,105,95,60,{normal},68,"This upgraded version of PORYGON is designed for space exploration. It can't fly, though.",515,0.85,1.0,195.1388888888889,54.166666666666664,3,Medium,Medium,Medium,High,High,Low,High
234,stantler,14,712,73,95,62,85,65,85,{normal},120,The curved antlers subtly change the flow of air to create a strange space where real­ ity is distorted.,465,1.0466666666666666,1.4173228346456692,139.25,50.857142857142854,2,Medium,Medium,Low,Medium,Low,Medium,Medium
235,smeargle,12,580,55,20,35,20,45,75,{normal},121,A special fluid oozes from the tip of its tail. It paints the fluid everywhere to mark its territory.,250,0.8461538461538461,0.5,380.5555555555555,48.333333333333336,1,Low,Very Low,Very Low,Very Low,Very Low,Medium,Very Low
236,tyrogue,7,210,35,35,35,35,35,35,{fighting},47,"It is always bursting with en­ ergy. To make it­ self stronger, it keeps on fighting even if it loses.",210,1.0,1.0,0.0,30.0,4,Very Low,Very Low,Very Low,Very Low,Very Low,Very Low,Very Low
237,hitmontop,14,480,50,95,95,35,110,70,{fighting},47,"If you become enchanted by its smooth, elegant, dance-like kicks, you may get drilled hard.",455,1.3103448275862069,0.6341463414634146,711.8055555555555,34.285714285714285,4,Very Low,Medium,High,Very Low,High,Medium,Medium
238,smoochum,4,60,45,30,15,85,65,65,"{ice,psychic}",59,Its lips are the most sensitive parts on its body. It always uses its lips first to examine things.,305,0.3,1.4375,553.4722222222222,15.0,2,Very Low,Very Low,Very Low,Medium,Low,Low,Very Low
239,elekid,6,235,45,63,37,65,55,95,{electric},60,"It rotates its arms to generate electricity, but it tires easily, so it charges up only a little bit.",360,0.8333333333333334,1.391304347826087,339.6666666666667,39.166666666666664,3,Very Low,Low,Very Low,Low,Low,High,Low
240,magby,7,214,45,75,37,70,55,83,{fire},61,"Each and every time it inhales and exhales, hot embers dribble out of its mouth and nostrils.",365,0.896,1.576086956521739,271.47222222222223,30.571428571428573,3,Very Low,Low,Very Low,Medium,Low,Medium,Low
241,miltank,12,755,95,80,105,40,70,100,{normal},122,"Its milk is packed with nutrition, making it the ultimate beverage for the sick or weary.",490,1.6818181818181819,0.6857142857142857,488.8888888888889,62.916666666666664,1,High,Medium,High,Very Low,Medium,High,High
242,blissey,15,468,255,10,10,75,135,55,{normal},51,Anyone who takes even one bite of BLISSEY's egg be­ comes unfailingly caring and pleas­ ant to everyone.,540,0.09523809523809523,0.5862068965517241,7250.0,31.2,3,High,Very Low,Very Low,Medium,High,Low,Very High
243,raikou,19,1780,90,85,75,115,100,115,{electric},123,The rain clouds it carries let it fire thunderbolts at will. They say that it descended with lightning.,580,0.7441860465116279,1.1428571428571428,222.2222222222222,93.6842105263158,1,High,Medium,Medium,High,High,High,Very High
244,entei,21,1980,115,115,85,90,75,100,{fire},124,"Volcanoes erupt when it barks. Un­ able to restrain its extreme power, it races headlong around the land.",580,1.2121212121212122,1.28125,222.2222222222222,94.28571428571429,1,High,High,Medium,Medium,Medium,High,Very High
245,suicune,20,1870,100,75,115,90,115,85,{water},125,It races around the world to purify fouled water. It dashes away with the north wind.,580,0.926829268292683,0.717391304347826,222.2222222222222,93.5,1,High,Low,High,Medium,High,Medium,Very High
246,larvitar,6,720,50,64,50,45,50,41,"{rock,ground}",126,"It feeds on soil. After it has eaten a large mountain, it will fall asleep so it can grow.",300,1.2,1.09,50.333333333333336,120.0,3,Very Low,Low,Very Low,Very Low,Very Low,Very Low,Very Low
247,pupitar,12,1520,70,84,70,65,70,51,"{rock,ground}",126,"Its shell is as hard as sheet rock, and it is also very strong. Its THRASHING can topple a mountain.",410,1.1407407407407408,1.0642857142857143,94.22222222222221,126.66666666666667,3,Medium,Medium,Low,Low,Medium,Low,Medium
248,tyranitar,20,2020,100,134,110,95,100,61,"{rock,dark}",126,"Its body can't be harmed by any sort of attack, so it is very eager to make challenges against enemies.",600,1.2512820512820513,1.0904761904761904,467.0,101.0,3,High,High,High,High,High,Low,Very High
249,lugia,52,2160,106,90,130,90,154,110,"{psychic,flying}",127,It is said that it quietly spends its time deep at the bottom of the sea because its powers are too strong.,680,0.9016393442622951,0.6338028169014085,514.2222222222222,41.53846153846154,1,High,Medium,High,Medium,High,High,Very High
250,ho-oh,38,1990,106,130,90,110,154,90,"{fire,flying}",128,Legends claim this POKéMON flies the world's skies con­ tinuously on its magnificent seven- colored wings.,680,0.8333333333333334,0.9836065573770492,514.2222222222223,52.36842105263158,1,High,High,Medium,High,High,High,Very High
251,celebi,6,50,100,100,100,100,100,100,"{psychic,grass}",129,This POKéMON wan­ ders across time. Grass and trees flourish in the forests in which it has appeared.,600,1.0,1.0,0.0,8.333333333333334,1,High,Medium,High,High,High,High,Very High
252,treecko,5,50,40,45,35,65,55,70,{grass},130,TREECKO has small hooks on the bottom of its feet that enable it to scale vertical walls. This POKéMON attacks by slamming foes with its thick tail.,310,0.6666666666666666,1.2222222222222223,163.88888888888889,10.0,3,Very Low,Very Low,Very Low,Low,Low,Medium,Low
253,grovyle,9,216,50,65,45,85,65,95,{grass},130,The leaves growing out of GROVYLE’s body are convenient for camouflaging it from enemies in the forest. This POKéMON is a master at climbing trees in jungles.,405,0.7333333333333333,1.3636363636363635,314.5833333333333,24.0,3,Very Low,Low,Very Low,Medium,Low,High,Low
254,sceptile,17,522,70,85,65,105,85,120,{grass},130,The leaves growing on SCEPTILE’s body are very sharp edged. This POKéMON is very agile - it leaps all over the branches of trees and jumps on its foe from above or behind.,530,0.7894736842105263,1.2666666666666666,363.8888888888889,30.705882352941178,3,Medium,Medium,Low,High,Medium,High,Very High
255,torchic,4,25,45,60,40,70,50,45,{fire},131,"TORCHIC sticks with its TRAINER, following behind with unsteady steps. This POKéMON breathes fire of over 1,800 degrees F, including fireballs that leave the foe scorched black.",310,0.8333333333333334,1.4444444444444444,105.55555555555554,6.25,3,Very Low,Low,Very Low,Medium,Very Low,Very Low,Low
256,combusken,9,195,60,85,60,85,60,55,"{fire,fighting}",131,"COMBUSKEN toughens up its legs and thighs by running through fields and mountains. This POKéMON’s legs possess both speed and power, enabling it to dole out ten kicks in one second.",405,1.0,1.4166666666666667,156.25,21.666666666666668,3,Low,Medium,Low,Medium,Low,Low,Low
257,blaziken,19,520,80,120,70,110,70,80,"{fire,fighting}",131,"In battle, BLAZIKEN blows out intense flames from its wrists and attacks foes courageously. The stronger the foe, the more intensely this POKéMON’s wrists burn.",530,1.0555555555555556,1.6428571428571428,380.5555555555555,27.36842105263158,3,Medium,High,Low,High,Medium,Medium,Very High
258,mudkip,4,76,50,70,50,50,50,40,{water},132,"The fin on MUDKIP’s head acts as highly sensitive radar. Using this fin to sense movements of water and air, this POKéMON can determine what is taking place around it without using its eyes.",310,1.2,1.2,80.55555555555556,19.0,3,Very Low,Low,Very Low,Low,Very Low,Very Low,Low
259,marshtomp,7,280,70,85,70,60,70,50,"{water,ground}",132,"The surface of MARSHTOMP’s body is enveloped by a thin, sticky film that enables it to live on land. This POKéMON plays in mud on beaches when the ocean tide is low.",405,1.1923076923076923,1.0357142857142858,114.58333333333333,40.0,3,Medium,Medium,Low,Low,Medium,Low,Low
260,swampert,15,819,100,110,90,85,90,60,"{water,ground}",132,SWAMPERT is very strong. It has enough power to easily drag a boulder weighing more than a ton. This POKéMON also has powerful vision that lets it see even in murky water.,535,1.1428571428571428,1.0833333333333333,236.80555555555557,54.6,3,High,High,Medium,Medium,High,Low,Very High
261,poochyena,5,136,35,55,35,30,30,35,{dark},133,"At first sight, POOCHYENA takes a bite at anything that moves. This POKéMON chases after prey until the victim becomes exhausted. However, it may turn tail if the prey strikes back.",220,1.5,1.3076923076923077,72.22222222222221,27.2,2,Very Low,Very Low,Very Low,Very Low,Very Low,Very Low,Very Low
262,mightyena,10,370,70,90,70,60,60,70,{dark},133,MIGHTYENA gives obvious signals when it is preparing to attack. It starts to growl deeply and then flattens its body. This POKéMON will bite savagely with its sharply pointed fangs.,420,1.3333333333333333,1.1538461538461537,100.0,37.0,2,Medium,Medium,Low,Low,Low,Medium,Medium
263,zigzagoon,4,175,38,30,41,30,41,60,{normal},134,ZIGZAGOON restlessly wanders everywhere at all times. This POKéMON does so because it is very curious. It becomes interested in anything that it happens to see.,240,1.0,0.7317073170731707,101.0,43.75,3,Very Low,Very Low,Very Low,Very Low,Very Low,Low,Very Low
264,linoone,5,325,78,70,61,50,61,100,{normal},134,"LINOONE always runs full speed and only in straight lines. If facing an obstacle, it makes a right-angle turn to evade it. This POKéMON is very challenged by gently curving roads.",420,1.1801801801801801,0.9836065573770492,254.33333333333334,65.0,3,Medium,Low,Low,Low,Low,High,Medium
265,wurmple,3,36,45,45,35,20,30,20,{bug},135,"Using the spikes on its rear end,   WURMPLE peels the bark off trees and feeds on the sap that oozes out. This POKéMON’s feet are tipped with suction pads that allow it to cling to glass without slipping.",195,1.6,1.0,106.25,12.0,5,Very Low,Very Low,Very Low,Very Low,Very Low,Very Low,Very Low
266,silcoon,6,100,50,35,55,25,25,15,{bug},135,"SILCOON tethers itself to a tree branch using silk to keep from falling. There,  this POKéMON hangs quietly while it awaits evolution. It peers out of the silk cocoon through a small hole.",205,1.8,0.75,203.4722222222222,16.666666666666668,5,Very Low,Very Low,Low,Very Low,Very Low,Very Low,Very Low
267,beautifly,10,284,60,70,50,100,50,65,"{bug,flying}",135,"BEAUTIFLY’s favorite food is the sweet pollen of flowers. If you want to see this POKéMON, just leave a potted flower by an open window. BEAUTIFLY is sure to come looking for pollen.",395,0.8,1.7,286.8055555555556,28.4,5,Low,Low,Very Low,High,Very Low,Low,Low
268,cascoon,7,115,50,35,55,25,25,15,{bug},135,"CASCOON makes its protective cocoon by wrapping its body entirely with a fine silk from its mouth. Once the silk goes around its body, it hardens. This POKéMON prepares for its evolution inside the cocoon.",205,1.8,0.75,203.4722222222222,16.428571428571427,5,Very Low,Very Low,Low,Very Low,Very Low,Very Low,Very Low
269,dustox,12,316,60,50,70,50,90,65,"{bug,poison}",135,"DUSTOX is instinctively drawn to light. Swarms of this POKéMON are attracted by the bright lights of cities, where they wreak havoc by stripping the leaves off roadside trees for food.",385,0.8571428571428571,0.625,186.80555555555554,26.333333333333332,5,Low,Very Low,Low,Low,High,Low,Low
270,lotad,5,26,40,30,30,40,50,30,"{water,grass}",136,"It searches about for clean water. If it does not drink water for too long, the leaf on its head wilts.",220,0.6666666666666666,0.875,55.55555555555555,5.2,3,Very Low,Very Low,Very Low,Very Low,Very Low,Very Low,Very Low
271,lombre,12,325,60,50,50,60,70,50,"{water,grass}",136,It lives at the water’s edge where it is sunny. It sleeps on a bed of water grass by day and becomes active at night.,340,0.7692307692307693,0.9166666666666666,55.55555555555555,27.083333333333332,3,Low,Very Low,Very Low,Low,Medium,Low,Low
272,ludicolo,15,550,80,70,70,90,100,70,"{water,grass}",136,"LUDICOLO begins dancing as soon as it hears cheerful, festive music. This POKéMON is said to appear when it hears the singing of children on hiking outings.",480,0.7368421052631579,0.9411764705882353,133.33333333333334,36.666666666666664,3,Medium,Low,Low,Medium,High,Medium,Medium
273,seedot,5,40,40,40,50,30,30,30,{grass},137,"SEEDOT attaches itself to a tree branch using the top of its head. It sucks moisture from the tree while hanging off the branch. The more water it drinks, the glossier this POKéMON’s body becomes.",220,1.5,0.875,55.55555555555555,8.0,3,Very Low,Very Low,Very Low,Very Low,Very Low,Very Low,Very Low
274,nuzleaf,10,280,70,70,40,60,40,60,"{grass,dark}",137,NUZLEAF live in densely overgrown forests. They occasionally venture out of the forest to startle people. This POKéMON dislikes having its long nose pinched.,340,1.1,1.625,155.55555555555554,28.0,3,Medium,Low,Very Low,Low,Very Low,Low,Low
275,shiftry,13,596,90,100,60,90,60,80,"{grass,dark}",137,It lives quietly in the deep forest. It is said to create chilly winter winds with the fans it holds.,480,1.0666666666666667,1.5833333333333333,233.33333333333334,45.84615384615385,3,High,Medium,Low,Medium,Low,Medium,Medium
276,taillow,3,23,40,55,30,30,30,85,"{normal,flying}",138,"TAILLOW courageously stands its ground against foes, however strong they may be. This gutsy POKéMON will remain defiant even after a loss. On the other hand, it cries loudly if it becomes hungry.",270,1.4166666666666667,1.4166666666666667,400.0,7.666666666666667,2,Very Low,Very Low,Very Low,Very Low,Very Low,Medium,Very Low
277,swellow,7,198,60,85,60,75,50,125,"{normal,flying}",138,"SWELLOW flies high above our heads, making graceful arcs in the sky. This POKéMON dives at a steep angle as soon as it spots its prey. The hapless prey is tightly grasped by SWELLOW’s clawed feet, preventing escape.",455,1.16,1.4545454545454546,611.8055555555555,28.285714285714285,2,Low,Medium,Low,Medium,Very Low,High,Medium
278,wingull,6,95,40,30,30,55,30,85,"{water,flying}",139,WINGULL has the habit of carrying prey and valuables in its beak and hiding them in all sorts of locations. This POKéMON rides the winds and flies as if it were skating across the sky.,270,0.7058823529411765,1.4166666666666667,400.0,15.833333333333334,2,Very Low,Very Low,Very Low,Low,Very Low,Medium,Very Low
279,pelipper,12,280,60,50,100,95,70,65,"{water,flying}",139,"It is a messenger of the skies, carrying small Pokémon and eggs to safety in its bill.",440,0.9090909090909091,0.8529411764705882,330.55555555555554,23.333333333333332,2,Low,Very Low,High,High,Medium,Low,Medium
280,ralts,4,66,28,25,25,45,35,40,"{psychic,fairy}",140,"RALTS senses the emotions of people using the horns on its head. This POKéMON rarely appears before people. But when it does, it draws closer if it senses that the person has a positive disposition.",198,0.625,1.1666666666666667,58.333333333333336,16.5,4,Very Low,Very Low,Very Low,Very Low,Very Low,Very Low,Very Low
281,kirlia,8,202,38,35,35,65,55,50,"{psychic,fairy}",140,It is said that a KIRLIA that is exposed to the positive emotions of its TRAINER grows beautiful. This POKéMON controls psychokinetic powers with its highly developed brain.,278,0.5833333333333334,1.1111111111111112,127.22222222222223,25.25,4,Very Low,Very Low,Very Low,Low,Low,Low,Very Low
282,gardevoir,16,484,68,65,65,125,115,80,"{psychic,fairy}",140,"GARDEVOIR has the ability to read the future. If it senses impending danger to its TRAINER, this POKéMON is said to unleash its psychokinetic energy at full power.",518,0.5416666666666666,1.0555555555555556,600.5555555555555,30.25,4,Low,Low,Low,High,High,Medium,High
283,surskit,5,17,40,30,32,50,52,65,"{bug,water}",141,"From the tips of its feet, SURSKIT secretes an oil that enables it to walk on water as if it were skating. This POKéMON feeds on microscopic organisms in ponds and lakes.",269,0.6078431372549019,0.9523809523809523,148.80555555555554,3.4,2,Very Low,Very Low,Very Low,Low,Low,Low,Very Low
284,masquerain,8,36,70,60,62,100,82,80,"{bug,flying}",141,MASQUERAIN intimidates enemies with the eyelike patterns on its antennas. This POKéMON flaps its four wings to freely fly in any direction - even sideways and backwards - as if it were a helicopter.,454,0.6703296703296703,1.1111111111111112,185.8888888888889,4.5,2,Medium,Low,Low,High,Medium,Medium,Medium
285,shroomish,4,45,60,40,60,40,60,35,{grass},142,"SHROOMISH live in damp soil in the dark depths of forests. They are often found keeping still under fallen leaves. This POKéMON feeds on compost that is made up of fallen, rotted leaves.",295,1.0,0.6666666666666666,120.13888888888887,11.25,2,Low,Very Low,Low,Very Low,Low,Very Low,Very Low
286,breloom,12,392,60,130,80,60,60,70,"{grass,fighting}",142,"BRELOOM closes in on its foe with light and sprightly footwork, then throws punches with its stretchy arms. This POKéMON’s fighting technique puts boxers to shame.",460,1.75,1.3571428571428572,622.2222222222221,32.666666666666664,2,Low,High,Medium,Low,Low,Medium,Medium
287,slakoth,8,240,60,60,60,35,35,30,{normal},143,"SLAKOTH lolls around for over twenty hours every day. Because it moves so little, it does not need much food. This POKéMON’s sole daily meal consists of just three leaves.",280,1.7142857142857142,1.0,180.55555555555557,30.0,3,Low,Low,Low,Very Low,Very Low,Very Low,Very Low
288,vigoroth,14,465,80,80,80,55,55,90,{normal},143,VIGOROTH is always itching and agitated to go on a wild rampage. It simply can’t tolerate sitting still for even a minute. This POKéMON’s stress level rises if it can’t be moving constantly.,440,1.4545454545454546,1.0,180.55555555555557,33.214285714285715,3,Medium,Medium,Medium,Low,Low,High,Medium
289,slaking,20,1305,150,160,100,95,65,100,{normal},143,"SLAKING spends all day lying down and lolling about. It eats grass growing within its reach. If it eats all the grass it can reach, this POKéMON reluctantly moves to another spot.",670,1.625,1.5454545454545454,1088.888888888889,65.25,3,High,High,High,High,Low,High,Very High
290,nincada,5,55,31,45,90,30,30,40,"{bug,ground}",144,NINCADA lives underground for many years in complete darkness. This POKéMON absorbs nutrients from the roots of trees. It stays motionless as it waits for evolution.,266,2.25,0.625,448.88888888888886,11.0,3,Very Low,Very Low,Medium,Very Low,Very Low,Very Low,Very Low
291,ninjask,8,120,61,90,45,50,50,160,"{bug,flying}",144,"NINJASK moves around at such a high speed that it cannot be seen, even while its crying can be clearly heard. For that reason, this POKéMON was long believed to be invisible.",456,1.35,1.4736842105263157,1631.6666666666667,15.0,3,Low,Medium,Very Low,Low,Very Low,High,Medium
292,shedinja,8,12,1,90,45,30,30,40,"{bug,ghost}",144,"SHEDINJA’s hard body doesn’t move - not even a twitch. In fact, its body appears to be merely a hollow shell. It is believed that this POKéMON will steal the spirit of anyone peering into its hollow body from its back.",236,2.25,1.6,707.2222222222223,1.5,3,Very Low,Medium,Very Low,Very Low,Very Low,Very Low,Very Low
293,whismur,6,163,64,51,23,51,23,28,{normal},145,"Normally, WHISMUR’s voice is very quiet - it is barely audible even if one is paying close attention. However, if this POKéMON senses danger, it starts crying at an earsplitting volume.",240,1.0,2.217391304347826,256.6666666666667,27.166666666666668,3,Low,Very Low,Very Low,Low,Very Low,Very Low,Very Low
294,loudred,10,405,84,71,43,71,43,48,{normal},145,LOUDRED’s bellowing can completely decimate a wood-frame house. It uses its voice to punish its foes. This POKéMON’s round ears serve as loudspeakers.,360,1.0,1.6511627906976745,256.6666666666667,40.5,3,Medium,Low,Very Low,Medium,Very Low,Low,Low
295,exploud,15,840,104,91,63,91,73,68,{normal},145,"EXPLOUD triggers earthquakes with the tremors it creates by bellowing. If this POKéMON violently inhales from the ports on its body, it’s a sign that it is preparing to let loose a huge bellow.",490,0.9390243902439024,1.338235294117647,213.8888888888889,56.0,3,High,Medium,Low,High,Medium,Medium,High
296,makuhita,10,864,72,60,30,20,30,25,{fighting},146,"MAKUHITA is tenacious - it will keep getting up and attacking its foe however many times it is knocked down. Every time it gets back up, this POKéMON stores more energy in its body for evolving.",237,1.8,1.3333333333333333,374.5833333333333,86.4,2,Medium,Low,Very Low,Very Low,Very Low,Very Low,Very Low
297,hariyama,23,2538,144,120,60,40,60,50,{fighting},146,It has the habit of challenging others without hesitation to tests of strength. It’s been known to stand on train tracks and stop trains using forearm thrusts.,474,1.8,1.3333333333333333,1498.3333333333333,110.34782608695652,2,High,High,Low,Very Low,Low,Low,Medium
298,azurill,2,20,50,20,40,20,40,20,"{normal,fairy}",90,A Pokémon that lives by water. It moves quickly on land by bouncing on its big tail.,190,1.0,0.5,147.22222222222226,10.0,3,Very Low,Very Low,Very Low,Very Low,Very Low,Very Low,Very Low
299,nosepass,10,970,30,45,135,45,90,30,{rock},147,"NOSEPASS’s magnetic nose is always pointed to the north. If two of these POKéMON meet, they cannot turn their faces to each other when they are close because their magnetic noses repel one another.",375,1.3333333333333333,0.4,1456.25,97.0,2,Very Low,Very Low,High,Very Low,High,Very Low,Low
300,skitty,6,110,50,45,45,35,35,50,{normal},148,SKITTY has the habit of becoming fascinated by moving objects and chasing them around. This POKéMON is known to chase after its own tail and become dizzy.,260,1.2857142857142858,1.0,38.888888888888886,18.333333333333332,2,Very Low,Very Low,Very Low,Very Low,Very Low,Low,Very Low
301,delcatty,11,326,70,65,65,55,55,90,{normal},148,"DELCATTY prefers to live an unfettered existence in which it can do as it pleases at its own pace. Because this POKéMON eats and sleeps whenever it decides, its daily routines are completely random.",400,1.1818181818181819,1.0,138.88888888888889,29.636363636363637,2,Medium,Low,Low,Low,Low,High,Low
302,sableye,5,110,50,75,75,65,65,50,"{dark,ghost}",149,"SABLEYE lead quiet lives deep inside caverns. They are feared, however, because these POKéMON are thought to steal the spirits of people when their eyes burn with a sinister glow in the darkness.",380,1.1538461538461537,1.0,105.55555555555556,22.0,1,Very Low,Low,Medium,Low,Low,Low,Low
303,mawile,6,115,50,85,85,55,55,50,"{steel,fairy}",150,"MAWHILE’s huge jaws are actually steel horns that have been transformed. Its docile-looking face serves to lull its foe into letting down its guard. When the foe least expects it, MAWHILE chomps it with its gaping jaws.",380,1.5454545454545454,1.0,238.8888888888889,19.166666666666668,1,Very Low,Medium,Medium,Low,Low,Low,Low
304,aron,4,600,50,70,100,40,40,30,"{steel,rock}",151,"This POKéMON has a body of steel. To make its body, ARON feeds on iron ore that it digs from mountains. Occasionally, it causes major trouble by eating bridges and rails.",330,2.125,0.7857142857142857,558.3333333333334,150.0,3,Very Low,Low,High,Very Low,Very Low,Very Low,Low
305,lairon,9,1200,60,90,140,50,50,40,"{steel,rock}",151,LAIRON tempers its steel body by drinking highly nutritious mineral springwater until it is bloated. This POKéMON makes its nest close to springs of delicious water.,430,2.3,0.7368421052631579,1180.5555555555554,133.33333333333334,3,Low,Medium,High,Low,Very Low,Very Low,Medium
306,aggron,21,3600,70,110,180,60,60,50,"{steel,rock}",151,AGGRON claims an entire mountain as its own territory. It mercilessly beats up anything that violates its environment. This POKéMON vigilantly patrols its territory at all times.,530,2.4166666666666665,0.7083333333333334,2047.222222222222,171.42857142857142,3,Medium,High,High,Low,Low,Low,Very High
307,meditite,6,112,30,40,55,40,55,60,"{fighting,psychic}",152,"MEDITITE undertakes rigorous mental training deep in the mountains. However, whenever it meditates, this POKéMON always loses its concentration and focus. As a result, its training never ends.",280,1.0,0.7272727272727273,113.8888888888889,18.666666666666668,2,Very Low,Very Low,Low,Very Low,Low,Low,Very Low
308,medicham,13,315,60,60,75,60,75,80,"{fighting,psychic}",152,"It is said that through meditation, MEDICHAM heightens energy inside its body and sharpens its sixth sense. This POKéMON hides its presence by merging itself with fields and mountains.",410,1.0,0.8,72.22222222222223,24.23076923076923,2,Low,Low,Medium,Low,Medium,Medium,Medium
309,electrike,6,152,40,45,40,65,40,65,{electric},153,ELECTRIKE stores electricity in its long body hair. This POKéMON stimulates its leg muscles with electric charges. These jolts of power give its legs explosive acceleration performance.,295,0.8095238095238095,1.375,128.4722222222222,25.333333333333332,2,Very Low,Very Low,Very Low,Low,Very Low,Low,Very Low
310,manectric,15,402,70,75,60,105,60,105,{electric},153,"MANECTRIC is constantly discharging electricity from its mane. The sparks sometimes ignite forest fires. When it enters a battle, this POKéMON creates thunderclouds.",475,0.8181818181818182,1.5,361.8055555555556,26.8,2,Medium,Low,Low,High,Low,High,Medium
311,plusle,4,42,60,50,40,85,75,95,{electric},154,"PLUSLE always acts as a cheerleader for its partners. Whenever a teammate puts out a good effort in battle, this POKéMON shorts out its body to create the crackling noises of sparks to show its joy.",405,0.5625,1.173913043478261,372.9166666666667,10.5,1,Low,Very Low,Very Low,Medium,Medium,High,Low
312,minun,4,42,60,40,50,75,85,95,{electric},155,MINUN is more concerned about cheering on its partners than its own safety. It shorts out the electricity in its body to create brilliant showers of sparks to cheer on its teammates.,405,0.5625,0.8518518518518519,372.9166666666667,10.5,1,Low,Very Low,Very Low,Medium,Medium,High,Low
313,volbeat,7,177,65,73,75,47,85,85,{bug},156,"With the arrival of night, VOLBEAT emits light from its tail. It communicates with others by adjusting the intensity and flashing of its light. This POKéMON is attracted by the sweet aroma of ILLUMISE.",430,1.121212121212121,0.75,170.2222222222222,25.285714285714285,1,Low,Low,Medium,Very Low,Medium,Medium,Medium
314,illumise,6,177,65,47,75,73,85,85,{bug},157,"With its sweet aroma, it guides Volbeat to draw signs with light in the night sky.",430,0.7721518987341772,0.75,170.2222222222222,29.5,1,Low,Very Low,Medium,Medium,Medium,Medium,Medium
315,roselia,3,20,50,60,45,100,80,65,"{grass,poison}",158,ROSELIA shoots sharp thorns as projectiles at any opponent that tries to steal the flowers on its arms. The aroma of this POKéMON brings serenity to living things.,400,0.5833333333333334,1.28,347.22222222222223,6.666666666666667,3,Very Low,Low,Very Low,High,Medium,Low,Low
316,gulpin,4,103,70,43,53,43,53,40,{poison},159,"Virtually all of GULPIN’s body is its stomach. As a result, it can swallow something its own size. This POKéMON’s stomach contains a special fluid that digests anything.",302,1.0,0.8113207547169812,102.55555555555554,25.75,2,Medium,Very Low,Low,Very Low,Low,Very Low,Very Low
317,swalot,17,800,100,73,83,73,83,55,{poison},159,"When SWALOT spots prey, it spurts out a hideously toxic fluid from its pores and sprays the target. Once the prey has weakened, this POKéMON gulps it down whole with its cavernous mouth.",467,1.0,0.8795180722891566,185.4722222222222,47.05882352941177,2,High,Low,Medium,Medium,Medium,Low,Medium
318,carvanha,8,208,45,90,20,65,20,65,"{water,dark}",160,CARVANHA’s strongly developed jaws and its sharply pointed fangs pack the destructive power to rip out boat hulls. Many boats have been attacked and sunk by this POKéMON.,305,1.2941176470588236,3.875,645.1388888888888,26.0,2,Very Low,Medium,Very Low,Low,Very Low,Low,Very Low
319,sharpedo,18,888,70,120,40,95,40,95,"{water,dark}",160,"Nicknamed “the bully of the sea,” SHARPEDO is widely feared. Its cruel fangs grow back immediately if they snap off. Just one of these POKéMON can thoroughly tear apart a supertanker.",460,1.1851851851851851,2.6875,880.5555555555557,49.333333333333336,2,Medium,High,Very Low,High,Very Low,High,Medium
320,wailmer,20,1300,130,70,35,70,35,60,{water},161,WAILMER’s nostrils are located above its eyes. This playful POKéMON loves to startle people by forcefully snorting out seawater it stores inside its body out of its nostrils.,400,1.0,2.0,1013.8888888888888,65.0,2,High,Low,Very Low,Medium,Very Low,Low,Low
321,wailord,145,3980,170,90,45,90,45,60,{water},161,"WAILORD is the largest of all identified POKéMON up to now. This giant POKéMON swims languorously in the vast open sea, eating massive amounts of food at once with its enormous mouth.",500,1.0,2.0,1847.222222222222,27.448275862068964,2,High,Medium,Very Low,Medium,Very Low,Low,High
322,numel,7,240,60,60,40,65,45,35,"{fire,ground}",162,"NUMEL is extremely dull witted - it doesn’t notice being hit. However, it can’t stand hunger for even a second. This POKéMON’s body is a seething cauldron of boiling magma.",305,0.9090909090909091,1.4705882352941178,128.4722222222222,34.285714285714285,2,Low,Low,Very Low,Low,Very Low,Very Low,Very Low
323,camerupt,19,2200,70,100,70,105,75,40,"{fire,ground}",162,"CAMERUPT has a volcano inside its body. Magma of 18,000 degrees F courses through its body. Occasionally, the humps on this POKéMON’s back erupt, spewing the superheated magma.",460,0.9444444444444444,1.4137931034482758,463.88888888888886,115.78947368421052,2,Medium,Medium,Low,High,Medium,Very Low,Medium
324,torkoal,5,804,70,85,140,85,70,20,{fire},163,You can tell how it’s feeling by the smoke spouting from its shell. Tremendous velocity is a sign of good health.,470,1.4516129032258065,0.8095238095238095,1238.888888888889,160.8,1,Medium,Medium,High,Medium,Medium,Very Low,Medium
325,spoink,7,306,60,25,35,70,80,60,{psychic},164,"SPOINK bounces around on its tail. The shock of its bouncing makes its heart pump. As a result, this POKéMON cannot afford to stop bouncing - if it stops, its heart will stop.",330,0.4,0.8260869565217391,366.6666666666667,43.714285714285715,2,Low,Very Low,Very Low,Medium,Medium,Low,Low
326,grumpig,9,715,80,45,65,90,110,80,{psychic},164,"GRUMPIG uses the black pearls on its body to amplify its psychic power waves for gaining total control over its foe. When this POKéMON uses its special power, its snorting breath grows labored.",470,0.55,0.7714285714285715,405.5555555555556,79.44444444444444,2,Medium,Very Low,Low,Medium,High,Medium,Medium
327,spinda,11,50,60,60,60,60,60,60,{normal},165,No two Spinda have the same pattern of spots. Its tottering step fouls the aim of foes.,360,1.0,1.0,0.0,4.545454545454546,1,Low,Low,Low,Low,Low,Low,Low
328,trapinch,7,150,45,100,45,45,45,10,{ground},166,"TRAPINCH’s nest is a sloped, bowl-like pit dug in sand. This POKéMON patiently waits for prey to tumble down the pit. Its giant jaws have enough strength to crush even boulders.",290,1.6111111111111112,1.6111111111111112,697.2222222222223,21.428571428571427,3,Very Low,Medium,Very Low,Very Low,Very Low,Very Low,Very Low
329,vibrava,11,153,50,70,50,50,50,70,"{ground,dragon}",166,"To make prey faint, VIBRAVA generates ultrasonic waves by vigorously making its two wings vibrate. This POKéMON’s ultrasonic waves are so powerful, they can bring on headaches in people.",340,1.2,1.2,88.88888888888887,13.909090909090908,3,Very Low,Low,Very Low,Low,Very Low,Medium,Low
330,flygon,20,820,80,100,80,80,80,100,"{ground,dragon}",166,"FLYGON is nicknamed “the elemental  spirit of the desert.” Because its flapping wings whip up a cloud of sand, this POKéMON is always enveloped in a sandstorm while flying.",520,1.125,1.125,88.8888888888889,41.0,3,Medium,Medium,Medium,Medium,Medium,High,High
331,cacnea,4,513,50,85,40,85,40,35,{grass},167,"CACNEA lives in arid locations such as deserts. It releases a strong aroma from its flower to attract prey. When prey comes near, this POKéMON shoots sharp thorns from its body to bring the victim down.",335,1.0,2.125,445.1388888888889,128.25,2,Very Low,Medium,Very Low,Medium,Very Low,Very Low,Low
332,cacturne,13,774,70,115,60,115,60,55,"{grass,dark}",167,"During the daytime, CACTURNE remains unmoving so that it does not lose any moisture to the harsh desert sun. This POKéMON becomes active at night when the temperature drops.",475,1.0,1.9166666666666667,661.8055555555555,59.53846153846154,2,Medium,High,Low,High,Low,Low,Medium
333,swablu,4,12,45,40,60,40,75,50,"{normal,flying}",168,SWABLU has light and fluffy wings that are like cottony clouds. This POKéMON is not frightened of people. It lands on the heads of people and sits there like a cotton-fluff hat.,310,0.8695652173913043,0.5925925925925926,155.55555555555557,3.0,2,Very Low,Very Low,Low,Very Low,Medium,Low,Low
334,altaria,11,206,75,70,90,70,105,80,"{dragon,flying}",168,"ALTARIA dances and wheels through the sky among billowing, cotton-like clouds. By singing melodies in its crystal-clear voice, this POKéMON makes its listeners experience dreamy wonderment.",490,0.9142857142857143,0.717948717948718,155.55555555555557,18.727272727272727,2,Medium,Low,Medium,Medium,High,Medium,High
335,zangoose,13,403,73,115,60,60,60,90,{normal},169,Memories of battling its arch-rival SEVIPER are etched into every cell of ZANGOOSE’s body. This POKéMON adroitly dodges attacks with incredible agility.,458,1.4583333333333333,1.4583333333333333,415.5555555555556,31.0,1,Medium,High,Low,Low,Low,High,Medium
336,seviper,27,525,73,100,60,100,60,65,{poison},170,SEVIPER shares a generations-long feud with ZANGOOSE. The scars on its body are evidence of vicious battles. This POKéMON attacks using its sword- edged tail.,458,1.0,1.6666666666666667,298.88888888888886,19.444444444444443,1,Medium,Medium,Low,High,Low,Low,Medium
337,lunatone,10,1680,90,55,65,95,85,70,"{rock,psychic}",171,"LUNATONE was discovered at a location where a meteorite fell. As a result, some people theorize that this POKéMON came from space. However, no one has been able to prove this theory so far.",460,0.6666666666666666,1.0,205.55555555555554,168.0,1,High,Very Low,Low,High,Medium,Medium,Medium
338,solrock,12,1540,90,95,85,55,65,70,"{rock,psychic}",172,"Solar energy is the source of its power, so it is strong during the daytime. When it spins, its body shines.",460,1.5,1.0,205.55555555555557,128.33333333333334,1,High,Medium,Medium,Low,Low,Medium,Medium
339,barboach,4,19,50,48,43,46,41,60,"{water,ground}",173,"BARBOACH’s sensitive whiskers serve as a superb radar system. This POKéMON hides in mud, leaving only its two whiskers exposed while it waits for prey to come along.",288,1.0459770114942528,1.119047619047619,37.666666666666664,4.75,2,Very Low,Very Low,Very Low,Very Low,Very Low,Low,Very Low
340,whiscash,9,236,110,78,73,76,71,60,"{water,ground}",173,"WHISCASH is extremely territorial. Just one of these POKéMON will claim a large pond as its exclusive territory. If a foe approaches it, it thrashes about and triggers a massive earthquake.",468,1.0272108843537415,1.0694444444444444,237.66666666666666,26.22222222222222,2,High,Medium,Medium,Medium,Medium,Low,Medium
341,corphish,6,115,43,80,65,50,35,35,{water},174,Its hardy vitality enables it to adapt to any environment. Its pincers will never release prey.,308,1.7058823529411764,1.3,268.88888888888886,19.166666666666668,2,Very Low,Medium,Low,Low,Very Low,Very Low,Very Low
342,crawdaunt,11,328,63,120,85,90,55,55,"{water,dark}",174,"CRAWDAUNT has an extremely violent nature that compels it to challenge other living things to battle. Other life-forms refuse to live in ponds inhabited by this POKéMON, making them desolate places.",468,1.4137931034482758,1.5,540.0,29.818181818181817,2,Low,High,Medium,Medium,Low,Low,Medium
343,baltoy,5,215,40,40,55,40,70,55,"{ground,psychic}",175,BALTOY moves while spinning around on its one foot. Primitive wall paintings depicting this POKéMON living among people were discovered in some ancient ruins.,300,0.8636363636363636,0.64,125.0,43.0,2,Very Low,Very Low,Low,Very Low,Medium,Low,Very Low
344,claydol,15,1080,60,70,105,70,120,75,"{ground,psychic}",175,CLAYDOL are said to be dolls of mud made by primitive humans and brought to life by exposure to a mysterious ray. This POKéMON moves about while levitating.,500,0.9210526315789473,0.6222222222222222,463.88888888888886,72.0,2,Low,Low,High,Medium,High,Medium,High
345,lileep,10,238,66,41,77,61,87,23,"{rock,grass}",176,LILEEP became extinct approximately a hundred million years ago. This ancient POKéMON attaches itself to a rock on the seafloor and catches approaching prey using tentacles  shaped like flower petals.,355,0.7972972972972973,0.6219512195121951,463.4722222222222,23.8,2,Low,Very Low,Medium,Low,High,Very Low,Low
346,cradily,15,604,86,81,97,81,107,43,"{rock,grass}",176,CRADILY roams around the ocean floor in search of food. This POKéMON freely extends its tree trunk-like neck and captures unwary prey using its eight tentacles.,495,0.9468085106382979,0.7941176470588235,397.9166666666667,40.266666666666666,2,High,Medium,High,Medium,High,Very Low,High
347,anorith,7,125,45,95,50,40,50,75,"{rock,bug}",177,ANORITH was regenerated from a prehistoric fossil. This primitive POKéMON once lived in warm seas. It grips its prey firmly between its two large claws.,355,1.6111111111111112,1.35,378.47222222222223,17.857142857142858,2,Very Low,Medium,Very Low,Very Low,Very Low,Medium,Low
348,armaldo,15,682,75,125,100,70,80,45,"{rock,bug}",177,ARMALDO’s tough armor makes all attacks bounce off. This POKéMON’s two enormous claws can be freely extended or contracted. They have the power to punch right through a steel slab.,495,1.5,1.0833333333333333,622.9166666666666,45.46666666666667,2,Medium,High,High,Medium,Medium,Very Low,High
349,feebas,6,74,20,15,20,10,55,80,{water},178,"FEEBAS’s fins are ragged and tattered from the start of its life. Because of its shoddy appearance, this POKéMON is largely ignored. It is capable of living in both the sea and in rivers.",200,0.5384615384615384,0.3333333333333333,647.2222222222222,12.333333333333334,2,Very Low,Very Low,Very Low,Very Low,Low,Medium,Very Low
350,milotic,62,1620,95,60,79,100,125,81,{water},178,Its lovely scales are described as rainbow colored. They change color depending on the viewing angle.,540,0.6177777777777778,0.7843137254901961,408.6666666666667,26.129032258064516,2,High,Low,Medium,High,High,Medium,Very High
351,castform,3,8,70,70,70,70,70,70,{normal},179,CASTFORM’s appearance changes with the weather. This POKéMON gained the ability to use the vast power of nature to protect its tiny body.,420,1.0,1.0,0.0,2.6666666666666665,1,Medium,Low,Low,Medium,Medium,Medium,Medium
352,kecleon,10,220,60,90,70,60,120,40,{normal},180,It changes body color to blend in with its surroundings. It also changes color if it is happy or sad.,440,0.8888888888888888,0.7894736842105263,655.5555555555555,22.0,1,Low,Medium,Low,Low,High,Very Low,Medium
353,shuppet,6,23,44,75,35,63,33,45,{ghost},181,"SHUPPET is attracted by feelings of jealousy and vindictiveness. If someone develops strong feelings of vengeance, this POKéMON will appear in a swarm and line up beneath the eaves of that person’s home.",295,1.1458333333333333,2.0294117647058822,227.4722222222222,3.8333333333333335,2,Very Low,Low,Very Low,Low,Very Low,Very Low,Very Low
354,banette,11,125,64,115,65,83,63,65,{ghost},181,BANETTE generates energy for laying strong curses by sticking pins into its own body. This POKéMON was originally a pitiful plush doll that was thrown away.,455,1.2328767123287672,1.546875,354.13888888888886,11.363636363636363,2,Low,High,Low,Medium,Low,Low,Medium
355,duskull,8,150,20,40,90,30,90,25,{ghost},182,"DUSKULL can pass through any wall no matter how thick it may be. Once this POKéMON chooses a target, it will doggedly pursue the intended victim until the break of dawn.",295,1.0833333333333333,0.3888888888888889,870.1388888888888,18.75,3,Very Low,Very Low,Medium,Very Low,High,Very Low,Very Low
356,dusclops,16,306,40,70,130,60,130,25,{ghost},182,"DUSCLOPS’s body is completely hollow - there is nothing at all inside. It is said that its body is like a black hole. This POKéMON will absorb anything into its body, but nothing will ever come back out.",455,1.0526315789473684,0.5,1670.138888888889,19.125,3,Very Low,Low,High,Low,High,Very Low,Medium
357,tropius,20,1000,99,68,83,72,87,51,"{grass,flying}",183,"The bunches of fruit around TROPIUS’s neck are very popular with children. This POKéMON loves fruit, and eats it continuously. Apparently, its love for fruit resulted in its own outgrowth of fruit.",460,0.949685534591195,0.8235294117647058,233.55555555555557,50.0,1,High,Low,Medium,Medium,High,Low,Medium
358,chimecho,6,10,75,50,80,95,90,65,{psychic},184,"CHIMECHO makes its cries echo inside its hollow body. When this POKéMON becomes enraged, its cries result in ultrasonic waves that have the power to knock foes flying.",455,0.7027027027027027,0.8529411764705882,228.47222222222226,1.6666666666666667,2,Medium,Very Low,Medium,High,High,Low,Medium
359,absol,12,470,65,130,60,75,60,75,{dark},185,"Every time ABSOL appears before people, it is followed by a disaster such as an earthquake or a tidal wave. As a result, it came to be known as the disaster POKéMON.",465,1.4074074074074074,1.7083333333333333,589.5833333333334,39.166666666666664,1,Low,High,Low,Medium,Low,Medium,Medium
360,wynaut,6,140,95,23,48,23,48,23,{psychic},100,"WYNAUT can always be seen with a big, happy smile on its face. Look at its tail to determine if it is angry. When angered, this POKéMON will be slapping the ground with its tail.",260,1.0,0.4791666666666667,658.8888888888888,23.333333333333332,2,High,Very Low,Very Low,Very Low,Very Low,Very Low,Very Low
361,snorunt,7,168,50,50,50,50,50,50,{ice},186,"SNORUNT live in regions with heavy snowfall. In seasons without snow, such as spring and summer, this POKéMON steals away to live quietly among stalactites and stalagmites deep in caverns.",300,1.0,1.0,0.0,24.0,3,Very Low,Very Low,Very Low,Low,Very Low,Low,Very Low
362,glalie,15,2565,80,80,80,80,80,80,{ice},186,"GLALIE has a body made of rock, which it hardens with an armor of ice. This POKéMON has the ability to freeze moisture in the atmosphere into any shape it desires.",480,1.0,1.0,0.0,171.0,3,Medium,Medium,Medium,Medium,Medium,Medium,Medium
363,spheal,8,395,70,40,50,55,50,25,"{ice,water}",187,"SPHEAL is much faster rolling than  walking to get around. When groups of this POKéMON eat, they all clap at once to show their pleasure. Because of this, their mealtimes are noisy.",290,0.8571428571428571,0.95,188.88888888888889,49.375,3,Medium,Very Low,Very Low,Low,Very Low,Very Low,Very Low
364,sealeo,11,876,90,60,70,75,70,45,"{ice,water}",187,SEALEO has the habit of always juggling on the tip of its nose anything it sees for the first time. This POKéMON occasionally entertains itself by balancing and rolling a SPHEAL on its nose.,410,0.896551724137931,0.9642857142857143,188.8888888888889,79.63636363636364,3,High,Low,Low,Medium,Medium,Very Low,Medium
365,walrein,14,1506,110,80,90,95,90,65,"{ice,water}",187,It swims through icy seas while shattering ice floes with its large tusks. It is protected by its thick blubber.,530,0.918918918918919,0.9722222222222222,188.8888888888889,107.57142857142857,3,High,Medium,Medium,High,High,Low,Very High
366,clamperl,4,525,35,64,85,74,55,32,{water},188,CLAMPERL’s sturdy shell is not only good for protection - it is also used for clamping and catching prey. A fully grown CLAMPERL’s shell will be scored with nicks and scratches all over.,345,1.1550387596899225,0.9857142857142858,372.25,131.25,3,Very Low,Low,Medium,Medium,Low,Very Low,Low
367,huntail,17,270,55,104,105,94,75,52,{water},188,HUNTAIL’s presence went unnoticed by people for a long time because it lives at extreme depths in the sea. This POKéMON’s eyes can see clearly even in the murky dark depths of the ocean.,485,1.2366863905325445,1.1,471.13888888888897,15.882352941176471,3,Low,High,High,High,Medium,Low,High
368,gorebyss,18,226,55,84,105,114,75,52,{water},188,"GOREBYSS lives in the southern seas at extreme depths. Its body is built to withstand the enormous pressure of water at incredible depths. Because of this, this POKéMON’s body is unharmed by ordinary attacks.",485,1.0,1.1,537.8055555555555,12.555555555555555,3,Low,Medium,High,High,Medium,Low,High
369,relicanth,10,234,100,90,130,45,65,55,"{water,rock}",189,RELICANTH is a POKéMON species that existed for a hundred million years without ever changing its form. This ancient POKéMON feeds on microscopic organisms with its toothless mouth.,485,2.0,0.6923076923076923,845.138888888889,23.4,1,High,Medium,High,Very Low,Low,Low,High
370,luvdisc,6,87,43,30,55,40,65,97,{water},190,LUVDISC live in shallow seas in the tropics. This heart-shaped POKéMON earned its name by swimming after loving couples it spotted in the ocean’s waves.,330,0.8095238095238095,0.5833333333333334,476.3333333333333,14.5,1,Very Low,Very Low,Low,Very Low,Low,High,Low
371,bagon,6,421,45,75,60,40,30,50,{dragon},191,"Dreaming of one day flying, it practices by leaping off cliffs every day.",300,1.9285714285714286,1.2777777777777777,208.33333333333334,70.16666666666667,3,Very Low,Low,Low,Very Low,Very Low,Low,Very Low
372,shelgon,11,1105,65,95,100,60,50,50,{dragon},191,"Inside SHELGON’s armor-like shell, cells are in the midst of transformation to create an entirely new body. This POKéMON’s shell is extremely heavy, making its movements sluggish.",420,1.7727272727272727,1.0333333333333334,408.3333333333333,100.45454545454545,3,Low,Medium,High,Low,Very Low,Low,Medium
373,salamence,15,1026,95,135,80,110,80,100,"{dragon,flying}",191,"SALAMENCE came about as a result of a strong, long-held dream of growing wings. It is said that this powerful desire triggered a sudden mutation in this POKéMON’s cells, causing it to sprout its magnificent wings.",600,1.131578947368421,1.53125,358.3333333333333,68.4,3,High,High,Medium,High,Medium,High,Very High
374,beldum,6,952,40,55,80,35,60,30,"{steel,psychic}",192,"Instead of blood, a powerful magnetic force courses throughout BELDUM’s body. This POKéMON communicates with others by sending controlled pulses of magnetism.",300,1.4210526315789473,0.6428571428571429,291.6666666666667,158.66666666666666,3,Very Low,Very Low,Medium,Very Low,Low,Very Low,Very Low
375,metang,12,2025,60,75,100,55,80,50,"{steel,psychic}",192,"When two BELDUM fuse together, METANG is formed. The brains of the BELDUM are joined by a magnetic nervous system. By linking its brains magnetically, this POKéMON generates strong psychokinetic power.",420,1.2962962962962963,0.7222222222222222,291.6666666666667,168.75,3,Low,Low,High,Low,Medium,Low,Medium
376,metagross,16,5500,80,135,130,95,90,70,"{steel,psychic}",192,"METAGROSS has four brains in total. Combined, the four brains can breeze through difficult calculations faster than a supercomputer. This POKéMON can float in the air by tucking in its four legs.",600,1.4324324324324325,1.0454545454545454,591.6666666666666,343.75,3,Medium,High,High,High,High,Medium,Very High
377,regirock,17,2300,80,100,200,50,100,50,{rock},193,"Its entire body is made of rock. If any part chips off in battle, it attaches rocks to repair itself.",580,2.0,0.5,2555.555555555556,135.2941176470588,1,Medium,Medium,High,Low,High,Low,Very High
378,regice,18,1750,80,50,100,100,200,50,{ice},194,"REGICE’s body was made during an ice age. The deep-frozen body can’t be melted, even by fire. This POKéMON controls frigid air of minus 328 degrees F.",580,0.5,0.5,2555.555555555555,97.22222222222223,1,Medium,Very Low,High,High,High,Low,Very High
379,registeel,19,2050,80,75,150,75,150,50,{steel},195,REGISTEEL has a body that is harder than any kind of metal. Its body is apparently hollow. No one has any idea what this POKéMON eats.,580,1.0,0.5,1513.8888888888887,107.89473684210526,1,Medium,Low,High,Medium,High,Low,Very High
380,latias,14,400,80,80,90,110,130,110,"{dragon,psychic}",196,"LATIAS is highly sensitive to the emotions of people. If it senses any hostility, this POKéMON ruffles the feathers all over its body and cries shrilly to intimidate the foe.",600,0.7083333333333334,0.8636363636363636,333.3333333333333,28.571428571428573,1,Medium,Medium,Medium,High,High,High,Very High
381,latios,20,600,80,90,80,130,110,110,"{dragon,psychic}",197,LATIOS has the ability to make its foe see an image of what it has seen or imagines in its head. This POKéMON is intelligent and understands human speech.,600,0.7083333333333334,1.1578947368421053,333.3333333333333,30.0,1,Medium,Medium,Medium,High,High,High,Very High
382,kyogre,45,3520,100,100,90,150,140,90,{water},198,KYOGRE has the power to create massive rain clouds that cover the entire sky and bring about torrential downpours. This POKéMON saved people who were suffering from droughts.,670,0.6551724137931034,1.0869565217391304,580.5555555555555,78.22222222222223,1,High,Medium,Medium,High,High,High,Very High
383,groudon,35,9500,100,150,140,100,90,90,{ground},199,GROUDON has long been described in  mythology as the POKéMON that raised lands and expanded continents. This POKéMON took to sleep after a cataclysmic battle with KYOGRE.,670,1.5263157894736843,1.0869565217391304,580.5555555555557,271.42857142857144,1,High,High,High,High,High,High,Very High
384,rayquaza,70,2065,105,150,90,150,90,95,"{dragon,flying}",200,"RAYQUAZA lived for hundreds of millions of years in the earth’s ozone layer,  never descending to the ground. This POKéMON appears to feed on water and particles in the atmosphere.",680,1.0,1.6666666666666667,697.2222222222223,29.5,1,High,High,Medium,High,High,High,Very High
385,jirachi,3,11,100,100,100,100,100,100,"{steel,psychic}",201,"A legend states that JIRACHI will make true any wish that is written on notes attached to its head when it awakens. If this POKéMON senses danger, it will fight without awakening.",600,1.0,1.0,0.0,3.6666666666666665,1,High,Medium,High,High,High,High,Very High
386,deoxys,17,608,50,150,50,150,50,150,{psychic},202,The DNA of a space virus underwent a sudden mutation upon exposure to a laser beam and resulted in DEOXYS. The crystalline organ on this POKéMON’s chest appears to be its brain.,600,1.0,3.0,2500.0,35.76470588235294,1,Very Low,High,Very Low,High,Very Low,High,Very High
387,turtwig,4,102,55,68,64,45,55,31,{grass},203,"Made from soil, the shell on its back hardens when it drinks water. It lives along lakes.",318,1.32,0.9495798319327731,150.33333333333334,25.5,3,Low,Low,Low,Very Low,Low,Very Low,Low
388,grotle,11,970,75,89,85,55,65,36,{grass},203,It knows where pure water wells up. It carries fellow Pokémon there on its back.,405,1.45,0.96,329.9166666666667,88.18181818181819,3,Medium,Medium,Medium,Low,Low,Very Low,Low
389,torterra,22,3100,95,109,105,75,85,56,"{grass,ground}",203,Small Pokémon occasionally gather on its unmoving back to begin building their nests.,525,1.3375,0.968421052631579,329.9166666666667,140.9090909090909,3,High,High,High,Medium,Medium,Low,High
390,chimchar,5,62,44,58,44,58,44,61,{fire},204,It agilely scales sheer cliffs to live atop craggy mountains. Its fire is put out when it sleeps.,309,1.0,1.3181818181818181,57.25,12.4,3,Very Low,Low,Very Low,Low,Very Low,Low,Very Low
391,monferno,9,220,64,78,52,78,52,81,"{fire,fighting}",204,"To intimidate attackers, it stretches the fire on its tail to make itself appear bigger.",405,1.0,1.5,149.25,24.444444444444443,3,Low,Medium,Low,Medium,Low,Medium,Low
392,infernape,12,550,76,104,71,104,71,108,"{fire,fighting}",204,It uses a special kind of martial arts involving all its limbs. Its fire never goes out.,534,1.0,1.4647887323943662,271.3333333333333,45.833333333333336,3,Medium,High,Medium,High,Medium,High,Very High
393,piplup,4,52,53,51,53,61,56,40,{water},205,"Because it is very proud, it hates accepting food from people. Its thick down guards it from cold.",314,0.8888888888888888,1.0275229357798166,40.55555555555556,13.0,3,Low,Very Low,Low,Low,Low,Very Low,Low
394,prinplup,8,230,64,66,68,81,76,50,{water},205,"It lives alone, away from others. Apparently, every one of them believes it is the most important.",405,0.8535031847133758,1.0208333333333333,95.91666666666667,28.75,3,Low,Low,Low,Medium,Medium,Low,Low
395,empoleon,17,845,84,86,88,111,101,60,"{water,steel}",205,The three horns that extend from its beak attest to its power. The leader has the biggest horns.,530,0.8207547169811321,1.0423280423280423,250.2222222222222,49.705882352941174,3,Medium,Medium,Medium,High,High,Low,Very High
396,starly,3,20,40,55,30,30,30,60,"{normal,flying}",206,"They flock in great numbers. Though small, they flap their wings with great power.",245,1.4166666666666667,1.4166666666666667,153.4722222222222,6.666666666666667,3,Very Low,Very Low,Very Low,Very Low,Very Low,Low,Very Low
397,staravia,6,155,55,75,50,40,40,80,"{normal,flying}",206,It flies around forests and fields in search of bug Pokémon. It stays within a huge flock.,340,1.5625,1.2777777777777777,247.22222222222226,25.833333333333332,3,Low,Low,Very Low,Very Low,Very Low,Medium,Low
398,staraptor,12,249,85,120,70,50,60,100,"{normal,flying}",206,It has a savage nature. It will courageously challenge foes that are much larger.,485,1.7272727272727273,1.3076923076923077,570.1388888888888,20.75,3,Medium,High,Low,Low,Low,High,High
399,bidoof,5,200,59,45,40,35,40,31,{normal},207,"With nerves of steel, nothing can perturb it. It is more agile and active than it appears.",250,1.1333333333333333,1.0,79.22222222222221,40.0,2,Low,Very Low,Very Low,Very Low,Very Low,Very Low,Very Low
400,bibarel,10,315,79,85,60,55,60,71,"{normal,water}",207,It makes its nest by damming streams with bark and mud. It is known as an industrious worker.,410,1.2608695652173914,1.1666666666666667,119.22222222222221,31.5,2,Medium,Medium,Low,Low,Low,Medium,Medium
401,kricketot,3,22,37,25,41,25,41,25,{bug},208,"It shakes its head back to front, causing its antennae to hit each other and sound like a xylophone.",194,1.0,0.6097560975609756,55.555555555555564,7.333333333333333,2,Very Low,Very Low,Very Low,Very Low,Very Low,Very Low,Very Low
402,kricketune,10,255,77,85,51,55,51,65,{bug},208,It crosses its knifelike arms in front of its chest when it cries. It can compose melodies ad lib.,384,1.2830188679245282,1.3725490196078431,171.66666666666666,25.5,2,Medium,Medium,Low,Low,Low,Low,Low
403,shinx,5,95,45,65,34,40,34,45,{electric},209,All of its fur dazzles if danger is sensed. It flees while the foe is momentarily blinded.,263,1.337837837837838,1.5441176470588236,109.80555555555554,19.0,3,Very Low,Low,Very Low,Very Low,Very Low,Very Low,Very Low
404,luxio,9,305,60,85,49,60,49,60,{electric},209,Its claws loose electricity with enough amperage to cause fainting. They live in small groups.,363,1.2293577981651376,1.4795918367346939,144.25,33.888888888888886,3,Low,Medium,Very Low,Low,Very Low,Low,Low
405,luxray,14,420,80,120,79,95,79,70,{electric},209,It has eyes that can see through anything. It spots and captures prey hiding behind objects.,523,1.1436781609195403,1.360759493670886,269.80555555555554,30.0,3,Medium,High,Medium,High,Medium,Medium,High
406,budew,2,12,40,30,35,50,70,55,"{grass,poison}",158,"Over the winter, it closes its bud and endures the cold. In spring, the bud opens and releases pollen.",280,0.5416666666666666,0.7619047619047619,180.55555555555557,6.0,3,Very Low,Very Low,Very Low,Low,Medium,Low,Very Low
407,roserade,9,145,60,70,65,125,105,90,"{grass,poison}",158,"It attracts prey with a sweet aroma, then downs it with thorny whips hidden in its arms.",515,0.5869565217391305,1.1470588235294117,545.1388888888889,16.11111111111111,3,Low,Low,Low,High,High,High,High
408,cranidos,9,315,67,125,40,30,30,58,{rock},211,It lived in jungles around 100 million years ago. Its skull is as hard as iron.,350,2.75,2.2142857142857144,1076.888888888889,35.0,2,Low,High,Very Low,Very Low,Very Low,Low,Low
409,rampardos,16,1025,97,165,60,65,50,58,{rock},211,Its powerful head butt has enough power to shatter even the most durable things upon impact.,495,1.9565217391304348,2.090909090909091,1580.9166666666667,64.0625,2,High,High,Low,Low,Very Low,Low,High
410,shieldon,5,570,30,42,118,42,88,30,"{rock,steel}",212,A Pokémon that lived in jungles around 100 million years ago. Its facial hide is extremely hard.,350,1.2307692307692308,0.4077669902912621,1096.5555555555554,114.0,2,Very Low,Very Low,High,Very Low,High,Very Low,Low
411,bastiodon,13,1495,60,52,168,47,138,30,"{rock,steel}",212,Any frontal attack is repulsed. It is a docile Pokémon that feeds on grass and berries.,495,1.1891891891891893,0.3235294117647059,2640.5833333333335,115.0,2,Low,Very Low,High,Very Low,High,Very Low,High
412,burmy,2,34,40,29,45,29,45,36,{bug},213,"To shelter itself from cold, wintry winds, it covers itself with a cloak made of twigs and leaves.",224,1.0,0.6444444444444445,44.22222222222222,17.0,3,Very Low,Very Low,Very Low,Very Low,Very Low,Very Low,Very Low
413,wormadam,5,65,60,59,85,79,105,36,"{bug,grass}",213,"When BURMY evolved, its cloak became a part of this Pokémon’s body. The cloak is never shed.",424,0.782608695652174,0.7263157894736842,484.2222222222222,13.0,3,Low,Low,Medium,Medium,High,Very Low,Medium
414,mothim,9,233,70,94,50,94,50,66,"{bug,flying}",213,It loves the honey of flowers and steals honey collected by COMBEE.,424,1.0,1.88,327.5555555555556,25.88888888888889,3,Medium,Medium,Very Low,High,Very Low,Medium,Medium
415,combee,3,55,30,30,42,30,42,70,"{bug,flying}",214,A Pokémon formed by three others. It busily carries sweet floral honey to VESPIQUEN.,244,1.0,0.7142857142857143,200.88888888888889,18.333333333333332,2,Very Low,Very Low,Very Low,Very Low,Very Low,Medium,Very Low
416,vespiquen,12,385,70,80,102,80,102,40,"{bug,flying}",214,Its abdomen is a honeycomb for grubs. It raises its grubs on honey collected by COMBEE.,474,1.0,0.7843137254901961,443.6666666666667,32.083333333333336,2,Medium,Medium,High,Medium,High,Very Low,Medium
417,pachirisu,4,39,60,45,70,45,90,95,{electric},215,It makes fur balls that crackle with static electricity. It stores them with berries in tree holes.,405,0.8518518518518519,0.5625,389.5833333333333,9.75,1,Low,Very Low,Low,Very Low,High,High,Low
418,buizel,7,295,55,65,35,60,30,85,{water},216,It has a flotation sac that is like an inflatable collar. It floats on water with its head out.,330,1.1111111111111112,1.9230769230769231,341.6666666666667,42.142857142857146,2,Low,Low,Very Low,Low,Very Low,Medium,Low
419,floatzel,11,335,85,105,55,85,50,115,{water},216,It floats using its well-developed flotation sac. It assists in the rescues of drowning people.,495,1.1851851851851851,1.8095238095238095,564.5833333333334,30.454545454545453,2,Medium,High,Low,Medium,Very Low,High,High
420,cherubi,4,33,45,35,45,62,53,35,{grass},217,"The small ball holds the nutrients needed for evolution. Apparently, it is very sweet and tasty.",275,0.6956521739130435,0.9897959183673469,91.47222222222223,8.25,2,Very Low,Very Low,Very Low,Low,Low,Very Low,Very Low
421,cherrim,5,93,70,60,70,87,78,85,{grass},217,It blooms during times of strong sunlight. It tries to make up for everything it endured as a bud.,450,0.7878787878787878,0.9932432432432432,88.0,18.6,2,Medium,Low,Low,Medium,Medium,Medium,Medium
422,shellos,3,63,76,48,48,57,62,34,{water},218,"Its colors and shapes differ from region to region. In the Sinnoh region, two types are confirmed.",325,0.8067226890756303,0.9545454545454546,171.47222222222226,21.0,2,Medium,Very Low,Very Low,Low,Low,Very Low,Low
423,gastrodon,9,299,111,83,68,92,82,39,"{water,ground}",218,"It has a pliable body without any bones. If any part of its body is torn off, it grows right back.",475,0.867816091954023,1.1666666666666667,489.8055555555556,33.22222222222222,2,High,Medium,Low,High,Medium,Very Low,Medium
424,ambipom,12,203,75,100,66,60,66,115,{normal},93,"To eat, it deftly shucks nuts with its two tails. It rarely uses its arms now.",482,1.3174603174603174,1.2121212121212122,406.88888888888886,16.916666666666668,2,Medium,Medium,Low,Low,Low,High,High
425,drifloon,4,12,90,50,34,60,44,70,"{ghost,flying}",219,"A Pokémon formed by the spirits of people and Pokémon. It loves damp, humid seasons.",348,0.8076923076923077,1.4102564102564104,334.6666666666667,3.0,2,High,Very Low,Very Low,Low,Very Low,Medium,Low
426,drifblim,12,150,150,80,44,90,54,80,"{ghost,flying}",219,"At dusk, swarms of them are carried aloft on winds. When noticed, they suddenly vanish.",498,0.8611111111111112,1.7346938775510203,1153.0,12.5,2,High,Medium,Very Low,Medium,Low,Medium,High
427,buneary,4,55,55,66,44,44,56,85,{normal},220,It slams foes by sharply uncoiling its rolled ears. It stings enough to make a grown-up cry in pain.,350,1.1,1.1,199.55555555555554,13.75,2,Low,Low,Very Low,Very Low,Low,Medium,Low
428,lopunny,12,333,65,76,84,54,96,105,{normal},220,An extremely cautious Pokémon. It cloaks its body with its fluffy ear fur when it senses danger.,480,1.0666666666666667,0.7222222222222222,302.3333333333333,27.75,2,Low,Medium,Medium,Low,High,High,Medium
429,mismagius,9,44,60,60,60,105,105,105,{ghost},98,Its cries sound like incantations. Those hearing it are tormented by headaches and hallucinations.,495,0.5714285714285714,1.0,506.25,4.888888888888889,2,Low,Low,Low,High,High,High,High
430,honchkrow,9,273,100,125,52,105,52,71,"{dark,flying}",97,"Becoming active at night, it is known to swarm with numerous MURKROW in tow.",505,1.127388535031847,2.2115384615384617,765.8055555555557,30.333333333333332,2,High,High,Low,High,Low,Medium,High
431,glameow,5,39,49,55,42,42,37,85,{normal},221,It claws if displeased and purrs when affectionate. Its fickleness is very popular among some.,310,1.2278481012658229,1.2278481012658229,255.22222222222226,7.8,2,Very Low,Very Low,Very Low,Very Low,Very Low,Medium,Low
432,purugly,10,438,71,82,64,64,59,112,{normal},221,It is a brazen brute that barges its way into another Pokémon’s nest and claims it as its own.,452,1.1869918699186992,1.1869918699186992,321.88888888888886,43.8,2,Medium,Medium,Low,Low,Low,High,Medium
433,chingling,2,6,45,30,50,65,50,45,{psychic},184,It emits cries by agitating an orb at the back of its throat. It moves with flouncing hops.,285,0.6956521739130435,0.95,106.25,3.0,2,Very Low,Very Low,Very Low,Low,Very Low,Very Low,Very Low
434,stunky,4,192,63,63,47,41,41,74,"{poison,dark}",223,It protects itself by spraying a noxious fluid from its rear. The stench lingers for 24 hours.,329,1.3414634146341464,1.1818181818181819,157.4722222222222,48.0,2,Low,Low,Very Low,Very Low,Very Low,Medium,Low
435,skuntank,10,380,103,93,67,71,61,84,"{poison,dark}",223,It sprays a vile-smelling fluid from the tip of its tail to attack. Its range is over 160 feet.,479,1.2121212121212122,1.28125,220.80555555555554,38.0,2,High,Medium,Low,Medium,Low,Medium,Medium
436,bronzor,5,605,57,24,86,24,86,23,"{steel,psychic}",224,Implements shaped like it were discovered in ancient tombs. It is unknown if they are related.,300,1.0,0.27906976744186046,787.0,121.0,2,Low,Very Low,Medium,Very Low,Medium,Very Low,Very Low
437,bronzong,13,1870,67,89,116,79,116,33,"{steel,psychic}",224,"One caused a news sensation when it was dug up at a construction site after a 2,000-year sleep.",500,1.0512820512820513,0.7241379310344828,830.8888888888888,143.84615384615384,2,Low,Medium,High,Medium,High,Very Low,High
438,bonsly,5,150,50,80,95,10,45,10,{rock},91,It looks as if it is always crying. It is actually adjusting its body’s fluid levels by eliminating excess.,290,3.1818181818181817,0.6428571428571429,1022.2222222222222,30.0,2,Very Low,Medium,High,Very Low,Very Low,Very Low,Very Low
439,mime-jr,6,130,20,25,45,70,90,60,"{psychic,fairy}",57,"It habitually mimics foes. Once mimicked, the foe cannot take its eyes off this Pokémon.",310,0.4375,0.7037037037037037,605.5555555555555,21.666666666666668,3,Very Low,Very Low,Very Low,Medium,High,Low,Low
440,happiny,6,244,100,5,5,15,65,30,{normal},51,It loves round white things. It carries an egg-shaped rock in imitation of CHANSEY.,220,0.125,0.2857142857142857,1222.2222222222222,40.666666666666664,3,High,Very Low,Very Low,Very Low,Low,Very Low,Very Low
441,chatot,5,19,76,65,45,92,42,91,"{normal,flying}",228,"It can learn and speak human words. If they gather, they all learn the same saying.",411,0.8208955223880597,1.8045977011494252,396.9166666666667,3.8,1,Medium,Low,Very Low,High,Very Low,High,Medium
442,spiritomb,10,1080,50,92,108,92,108,35,"{ghost,dark}",229,A Pokémon that was formed by 108 spirits. It is bound to a fissure in an odd keystone.,485,1.0,0.8518518518518519,796.138888888889,108.0,1,Very Low,Medium,High,High,High,Very Low,High
443,gible,7,205,58,70,45,40,45,42,"{dragon,ground}",230,"It nests in small, horizontal holes in cave walls. It pounces to catch prey that stray too close.",300,1.3529411764705883,1.2222222222222223,113.0,29.285714285714285,3,Low,Low,Very Low,Very Low,Very Low,Very Low,Very Low
444,gabite,14,560,68,90,65,50,55,82,"{dragon,ground}",230,There is a long-held belief that medicine made from its scales will heal even incurable illnesses.,410,1.4761904761904763,1.1666666666666667,196.88888888888889,40.0,3,Low,Medium,Low,Low,Low,Medium,Medium
445,garchomp,19,950,108,130,95,80,85,102,"{dragon,ground}",230,"When it folds up its body and extends its wings, it looks like a jet plane. It flies at sonic speed.",600,1.3636363636363635,1.1666666666666667,269.6666666666667,50.0,3,High,High,High,Medium,Medium,High,Very High
446,munchlax,6,1050,135,85,40,40,85,5,{normal},72,"It wolfs down its weight in food once a day, swallowing food whole with almost no chewing.",390,1.0,1.0,1758.3333333333333,175.0,2,High,Medium,Very Low,Very Low,Medium,Very Low,Low
447,riolu,7,202,40,70,40,35,40,60,{fighting},232,The aura that emanates from its body intensifies to alert others if it is afraid or sad.,285,1.4666666666666666,1.3125,164.58333333333334,28.857142857142858,2,Very Low,Low,Very Low,Very Low,Very Low,Low,Very Low
448,lucario,12,540,70,110,70,115,70,90,"{fighting,steel}",232,It has the ability to sense the auras of all things. It understands human speech.,525,0.972972972972973,1.6071428571428572,364.5833333333333,45.0,2,Medium,High,Low,High,Medium,High,High
449,hippopotas,8,495,68,72,78,38,42,32,{ground},233,"It lives in arid places. Instead of perspiration, it expels grainy sand from its body.",330,1.875,0.9166666666666666,329.0,61.875,2,Low,Low,Medium,Very Low,Very Low,Very Low,Low
450,hippowdon,20,3000,108,112,118,68,72,47,{ground},233,It blasts internally stored sand from ports on its body to create a towering twister for attack.,525,1.6428571428571428,0.9473684210526315,701.9166666666666,150.0,2,High,High,High,Medium,Medium,Low,High
451,skorupi,8,120,40,50,90,30,55,65,"{poison,bug}",234,It grips prey with its tail claws and injects poison. It tenaciously hangs on until the poison takes.,330,1.6470588235294117,0.5517241379310345,366.6666666666667,15.0,2,Very Low,Very Low,Medium,Very Low,Low,Low,Low
452,drapion,13,615,70,90,110,60,75,95,"{poison,dark}",234,It has the power in its clawed arms to make scrap of a car. The tips of its claws release poison.,500,1.4814814814814814,0.8108108108108109,280.5555555555556,47.30769230769231,2,Medium,Medium,High,Low,Medium,High,High
453,croagunk,7,230,48,61,40,61,40,50,"{poison,fighting}",235,Its cheeks hold poison sacs. It tries to catch foes off guard to jab them with toxic fingers.,300,1.0,1.525,74.33333333333333,32.857142857142854,2,Very Low,Low,Very Low,Low,Very Low,Low,Very Low
454,toxicroak,13,444,83,106,65,86,65,85,"{poison,fighting}",235,Its knuckle claws secrete a toxin so vile that even a scratch could prove fatal.,490,1.1324503311258278,1.476923076923077,196.55555555555554,34.15384615384615,2,Medium,High,Low,Medium,Low,Medium,High
455,carnivine,14,270,74,100,72,90,72,46,{grass},236,"It attracts prey with its sweet- smelling saliva, then chomps down. It takes a whole day to eat prey.",454,1.0617283950617284,1.3194444444444444,284.5555555555556,19.285714285714285,1,Medium,Medium,Medium,Medium,Medium,Low,Medium
456,finneon,4,70,49,49,56,49,61,66,{water},237,"After long exposure to sunlight, the patterns on its tail fins shine vividly when darkness arrives.",330,0.9545454545454546,0.8376068376068376,44.333333333333336,17.5,2,Very Low,Very Low,Low,Low,Low,Medium,Low
457,lumineon,12,240,69,69,76,69,86,91,{water},237,It lives on the deep-sea floor. It attracts prey by flashing the patterns on its four tail fins.,460,0.9354838709677419,0.8518518518518519,78.22222222222223,20.0,2,Medium,Low,Medium,Medium,Medium,High,Medium
458,mantyke,10,650,45,20,50,60,120,50,"{water,flying}",116,A friendly Pokémon that captures the subtle flows of seawater using its two antennae.,345,0.3888888888888889,0.47058823529411764,931.25,65.0,2,Very Low,Very Low,Very Low,Low,High,Low,Low
459,snover,10,505,60,62,50,62,60,40,"{grass,ice}",239,"It lives on snowy mountains. Having had little contact with humans, it is boldly inquisitive.",334,0.9180327868852459,1.1272727272727272,65.8888888888889,50.5,2,Low,Low,Very Low,Low,Low,Very Low,Low
460,abomasnow,22,1355,90,92,75,92,85,60,"{grass,ice}",239,It whips up blizzards in mountains that are always buried in snow. It is the abominable snowman.,494,0.943502824858757,1.15,134.22222222222223,61.59090909090909,2,High,Medium,Medium,High,Medium,Low,High
461,weavile,11,340,70,120,65,45,85,125,"{dark,ice}",109,"They live in cold regions, forming groups of four or five that hunt prey with impressive coordination.",510,1.4230769230769231,1.1,841.6666666666666,30.90909090909091,3,Medium,High,Low,Very Low,Medium,High,High
462,magnezone,12,1800,70,70,115,130,90,60,"{electric,steel}",34,It evolved from exposure to a special magnetic field. Three units generate magnetism.,535,0.8409090909090909,0.975609756097561,653.4722222222223,150.0,3,Medium,Low,High,High,High,Low,Very High
463,lickilicky,17,1400,110,85,95,80,95,50,{normal},48,It wraps things with its extensible tongue. Getting too close to it will leave you soaked with drool.,515,1.0285714285714285,0.868421052631579,345.13888888888886,82.3529411764706,2,High,Medium,High,Medium,High,Low,High
464,rhyperior,24,2828,115,140,130,55,55,40,"{ground,rock}",50,It puts rocks in holes in its palms and uses its muscles to shoot them. GEODUDE are shot at rare times.,535,2.4545454545454546,1.054054054054054,1611.8055555555557,117.83333333333333,3,High,High,High,Low,Low,Very Low,Very High
465,tangrowth,20,1286,100,100,125,110,50,50,{grass},52,It ensnares prey by extending arms made of vines. Losing arms to predators does not trouble it.,535,1.40625,1.2,836.8055555555555,64.3,2,High,Medium,High,High,Very Low,Low,Very High
466,electivire,18,1386,75,123,67,95,85,95,{electric},60,"As its electric charge amplifies, blue sparks begin to crackle between its horns.",540,1.0555555555555556,1.4342105263157894,319.6666666666667,77.0,3,Medium,High,Low,High,Medium,High,Very High
467,magmortar,16,680,75,95,67,125,95,83,{fire},61,"It blasts fireballs of over 3,600 degrees F from the ends of its arms. It lives in volcanic craters.",540,0.7363636363636363,1.3580246913580247,346.3333333333333,42.5,3,Medium,Medium,Low,High,High,Medium,Very High
468,togekiss,15,380,85,50,95,120,115,80,"{fairy,flying}",87,It will never appear where there is strife. Its sightings have become rare recently.,545,0.6170212765957447,0.8095238095238095,545.1388888888889,25.333333333333332,3,Medium,Very Low,High,High,High,Medium,Very High
469,yanmega,19,515,86,76,86,116,56,95,"{bug,flying}",95,"By churning its wings, it creates shock waves that inflict critical internal injuries to foes.",515,0.9418604651162791,1.352112676056338,330.13888888888886,27.105263157894736,2,High,Medium,Medium,High,Low,High,High
470,leafeon,10,255,65,110,130,60,65,95,{grass},67,"Just like a plant, it uses photosynthesis. As a result, it is always enveloped in clear air.",525,1.92,0.8717948717948718,689.5833333333334,25.5,9,Low,High,High,Low,Low,High,High
471,glaceon,8,259,65,60,110,130,95,65,{ice},67,"As a protective technique, it can completely freeze its fur to make its hairs stand like needles.",525,0.7555555555555555,0.926829268292683,689.5833333333334,32.375,9,Low,Low,High,High,High,Low,High
472,gliscor,20,425,75,95,125,45,75,95,"{ground,flying}",104,"It observes prey while hanging inverted from branches. When the chance presents itself, it swoops!",510,1.8333333333333333,0.7,600.0,21.25,2,Medium,Medium,High,Very Low,Medium,High,High
473,mamoswine,25,2910,110,130,80,70,60,80,"{ice,ground}",112,Its impressive tusks are made of ice. The population thinned when it turned warm after the ice age.,530,1.6153846153846154,1.4285714285714286,580.5555555555555,116.4,3,High,High,Medium,Medium,Low,Medium,Very High
474,porygon-z,9,340,85,80,70,135,75,90,{normal},68,"Additional software was installed to make it a better Pokémon. It began acting oddly, however.",535,0.7142857142857143,1.4827586206896552,461.8055555555555,37.77777777777778,3,Medium,Medium,Low,High,Medium,High,Very High
475,gallade,16,520,68,125,65,65,115,80,"{psychic,fighting}",140,"A master of courtesy and swordsmanship, it fights using extending swords on its elbows.",518,1.0555555555555556,1.0555555555555556,600.5555555555555,32.5,4,Low,High,Low,Low,High,Medium,High
476,probopass,14,3400,60,55,145,75,150,40,"{rock,steel}",147,It freely controls three small units called Mini-Noses using magnetic force.,525,0.8888888888888888,0.4406779661016949,1906.25,242.85714285714286,2,Low,Very Low,High,Medium,High,Very Low,High
477,dusknoir,22,1066,45,100,135,65,135,45,{ghost},182,The antenna on its head captures radio waves from the world of spirits that command it to take people there.,525,1.175,0.6111111111111112,1464.5833333333333,48.45454545454545,3,Very Low,Medium,High,Low,High,Very Low,High
478,froslass,13,266,70,80,70,80,70,110,"{ice,ghost}",186,It freezes foes with an icy breath nearly -60 degrees F. What seems to be its body is actually hollow.,480,1.0,1.1428571428571428,200.0,20.46153846153846,3,Medium,Medium,Low,Medium,Medium,High,Medium
479,rotom,3,3,50,50,77,95,77,91,"{electric,ghost}",240,Its body is composed of plasma. It is known to infiltrate electronic devices and wreak havoc.,440,0.7383720930232558,0.9415584415584416,316.22222222222223,1.0,1,Very Low,Very Low,Medium,High,Medium,High,Medium
480,uxie,3,3,75,75,130,75,130,95,{psychic},241,Known as “The Being of Knowledge.” It is said that it can wipe out the memory of those who see its eyes.,580,1.0,0.5769230769230769,605.5555555555555,1.0,1,Medium,Low,High,Medium,High,High,Very High
481,mesprit,3,3,80,105,105,105,105,80,{psychic},242,"Known as “The Being of Emotion.” It taught humans the nobility of sorrow, pain, and joy.",580,1.0,1.0,138.88888888888889,1.0,1,Medium,High,High,High,High,Medium,Very High
482,azelf,3,3,75,125,70,125,70,115,{psychic},243,Known as “The Being of Willpower.” It sleeps at the bottom of a lake to keep the world in balance.,580,1.0,1.7857142857142858,638.8888888888888,1.0,1,Medium,High,Low,High,Medium,High,Very High
483,dialga,54,6830,100,120,120,150,100,90,"{steel,dragon}",244,It has the power to control time. It appears in Sinnoh-region myths as an ancient deity.,680,0.96,1.2272727272727273,388.8888888888889,126.48148148148148,1,High,High,High,High,High,High,Very High
484,palkia,42,3360,90,120,100,150,120,100,"{water,dragon}",245,It has the ability to distort space. It is described as a deity in Sinnoh-region mythology.,680,0.8148148148148148,1.2272727272727273,388.8888888888889,80.0,1,High,High,High,High,High,High,Very High
485,heatran,17,4300,91,90,106,130,106,77,"{fire,steel}",246,It dwells in volcanic caves. It digs in with its cross-shaped feet to crawl on ceilings and walls.,600,0.8305084745762712,1.0377358490566038,280.3333333333333,252.94117647058823,1,High,Medium,High,High,High,Medium,Very High
486,regigigas,37,4200,110,160,110,80,110,100,{normal},247,There is an enduring legend that states this Pokémon towed continents with ropes.,670,1.4210526315789473,1.0909090909090908,580.5555555555555,113.51351351351352,1,High,High,High,Medium,High,High,Very High
487,giratina,45,7500,150,100,120,100,120,90,"{ghost,dragon}",248,A Pokémon that is said to live in a world on the reverse side of ours. It appears in an ancient cemetery.,680,1.0,0.8333333333333334,388.8888888888889,166.66666666666666,1,High,Medium,High,High,High,High,Very High
488,cresselia,15,856,120,70,110,75,120,85,{psychic},249,Shiny particles are released from its wings like a veil. It is said to represent the crescent moon.,580,0.9230769230769231,0.6304347826086957,430.5555555555556,57.06666666666667,1,High,Low,High,Medium,High,Medium,Very High
489,phione,4,31,80,80,80,80,80,80,{water},250,"It drifts in warm seas. It always returns to where it was born, no matter how far it may have drifted.",480,1.0,1.0,0.0,7.75,2,Medium,Medium,Medium,Medium,Medium,Medium,Medium
490,manaphy,3,14,100,100,100,100,100,100,{water},250,"Born on a cold seafloor, it will swim great distances to return to its birthplace.",600,1.0,1.0,0.0,4.666666666666667,2,High,Medium,High,High,High,High,Very High
491,darkrai,15,505,70,90,90,135,90,125,{dark},252,It can lull people to sleep and make them dream. It is active during nights of the new moon.,600,0.8,1.25,508.3333333333333,33.666666666666664,1,Medium,Medium,Medium,High,High,High,Very High
492,shaymin,2,21,100,100,100,100,100,100,{grass},253,It lives in flower patches and avoids detection by curling up to look like a flowering plant.,600,1.0,1.0,0.0,10.5,1,High,Medium,High,High,High,High,Very High
493,arceus,32,3200,120,120,120,120,120,120,{normal},254,"It is described in mythology as the Pokémon that shaped the universe with its 1,000 arms.",720,1.0,1.0,0.0,100.0,1,High,High,High,High,High,High,Very High
494,victini,4,40,100,100,100,100,100,100,"{psychic,fire}",255,"This Pokémon brings victory. It is said that Trainers with Victini always win, regardless of the type of encounter.",600,1.0,1.0,0.0,10.0,1,High,Medium,High,High,High,High,Very High
495,snivy,6,81,45,45,55,45,55,63,{grass},256,It is very intelligent and calm. Being exposed to lots of sunlight makes its movements swifter.,308,1.0,0.8181818181818182,47.22222222222223,13.5,3,Very Low,Very Low,Low,Very Low,Low,Low,Very Low
496,servine,8,160,60,60,75,60,75,83,{grass},256,"It moves along the ground as if sliding. Its swift movements befuddle its foes, and it then attacks with a vine whip.",413,1.0,0.8,85.13888888888889,20.0,3,Low,Low,Medium,Low,Medium,Medium,Medium
497,serperior,33,630,75,75,95,75,95,113,{grass},256,It can stop its opponents’ movements with just a glare. It takes in solar energy and boosts it internally.,528,1.0,0.7894736842105263,205.0,19.09090909090909,3,Medium,Low,High,Medium,High,High,Very High
498,tepig,5,99,65,63,45,45,45,45,{fire},257,It can deftly dodge its foe’s attacks while shooting fireballs from its nose. It roasts berries before it eats them.,308,1.2,1.2,80.55555555555556,19.8,3,Low,Low,Very Low,Very Low,Very Low,Very Low,Very Low
499,pignite,10,555,90,93,55,70,55,55,"{fire,fighting}",257,"When its internal fire flares up, its movements grow sharper and faster. When in trouble, it emits smoke.",418,1.184,1.481818181818182,267.22222222222223,55.5,3,High,Medium,Low,Medium,Low,Low,Medium
500,emboar,16,1500,110,123,65,100,65,65,"{fire,fighting}",257,It can throw a fire punch by setting its fists on fire with its fiery chin. It cares deeply about its friends.,528,1.1393939393939394,1.7153846153846153,573.3333333333334,93.75,3,High,High,Low,High,Low,Low,Very High
501,oshawott,5,59,55,55,45,63,45,45,{water},258,"It fights using the scalchop on its stomach. In response to an attack, it retaliates immediately by slashing.",308,0.9259259259259259,1.3111111111111111,47.22222222222223,11.8,3,Low,Very Low,Very Low,Low,Very Low,Very Low,Very Low
502,dewott,8,245,75,75,60,83,60,60,{water},258,Strict training is how it learns its flowing double-scalchop technique.,413,0.9440559440559441,1.3166666666666667,85.1388888888889,30.625,3,Medium,Low,Low,Medium,Low,Low,Medium
503,samurott,15,946,95,100,85,108,70,70,{water},258,One swing of the sword incorporated in its armor can fell an opponent. A simple glare from one of them quiets everybody.,528,1.0393258426966292,1.3419354838709678,208.33333333333334,63.06666666666667,3,High,Medium,Medium,High,Medium,Medium,Very High
504,patrat,5,116,45,55,39,35,39,42,{normal},259,"Using food stored in cheek pouches, they can keep watch for days. They use their tails to communicate with others.",255,1.2702702702702702,1.1538461538461537,40.583333333333336,23.2,2,Very Low,Very Low,Very Low,Very Low,Very Low,Very Low,Very Low
505,watchog,11,270,60,85,69,60,69,77,{normal},259,"When they see an enemy, their tails stand high, and they spit the seeds of berries stored in their cheek pouches.",420,1.193798449612403,1.0507246376811594,79.33333333333333,24.545454545454547,2,Low,Medium,Low,Low,Medium,Medium,Medium
506,lillipup,4,41,45,60,45,25,45,55,{normal},260,"It faces strong opponents with great courage. But, when at a disadvantage in a fight, this intelligent Pokémon flees.",275,1.5,0.9444444444444444,120.1388888888889,10.25,3,Very Low,Low,Very Low,Very Low,Very Low,Low,Very Low
507,herdier,9,147,65,80,65,35,65,60,{normal},260,"It has black, cape-like fur that is very hard and decreases the amount of damage it receives.",370,1.45,0.8846153846153846,180.55555555555554,16.333333333333332,3,Low,Medium,Low,Very Low,Low,Low,Low
508,stoutland,12,610,85,110,90,45,90,80,{normal},260,It rescues people stranded by blizzards in the mountains. Its shaggy fur shields it from the cold.,500,1.4814814814814814,0.8611111111111112,380.5555555555555,50.833333333333336,3,Medium,High,Medium,Very Low,High,Medium,High
509,purrloin,4,101,41,50,37,50,37,66,{dark},261,"They steal from people for fun, but their victims can’t help but forgive them. Their deceptively cute act is perfect.",281,1.0,1.3513513513513513,102.47222222222223,25.25,2,Very Low,Very Low,Very Low,Low,Very Low,Medium,Very Low
510,liepard,11,375,64,88,50,88,50,106,{dark},261,These Pokémon vanish and appear unexpectedly. Many Trainers are drawn to their beautiful form and fur.,446,1.0,1.76,444.5555555555555,34.09090909090909,2,Low,Medium,Very Low,Medium,Very Low,High,Medium
511,pansage,6,105,50,53,48,53,48,64,{grass},262,This Pokémon dwells deep in the forest. Eating a leaf from its head whisks weariness away as if by magic.,316,1.0,1.1041666666666667,29.888888888888886,17.5,2,Very Low,Very Low,Very Low,Low,Very Low,Low,Low
512,simisage,11,305,75,98,63,98,63,101,{grass},262,"Ill tempered, it fights by swinging its barbed tail around wildly. The leaf growing on its head is very bitter.",498,1.0,1.5555555555555556,273.0,27.727272727272727,2,Medium,Medium,Low,High,Low,High,High
513,pansear,6,110,50,53,48,53,48,64,{fire},263,"When it is angered, the temperature of its head tuft reaches 600° F. It uses its tuft to roast berries.",316,1.0,1.1041666666666667,29.888888888888886,18.333333333333332,2,Very Low,Very Low,Very Low,Low,Very Low,Low,Low
514,simisear,10,280,75,98,63,98,63,101,{fire},263,It loves sweets because they become energy for the fire burning inside its body.,498,1.0,1.5555555555555556,273.0,28.0,2,Medium,Medium,Low,High,Low,High,High
515,panpour,6,135,50,53,48,53,48,64,{water},264,The water stored inside the tuft on its head is full of nutrients. Plants that receive its water grow large.,316,1.0,1.1041666666666667,29.888888888888886,22.5,2,Very Low,Very Low,Very Low,Low,Very Low,Low,Low
516,simipour,10,290,75,98,63,98,63,101,{water},264,"The tuft on its head holds water. When the level runs low, it replenishes the tuft by siphoning up water with its tail.",498,1.0,1.5555555555555556,273.0,29.0,2,Medium,Medium,Low,High,Low,High,High
517,munna,6,233,76,25,45,67,55,24,{psychic},265,Munna always float in the air. People whose dreams are eaten by them forget what the dreams had been about.,292,0.5737704918032787,0.92,384.2222222222222,38.833333333333336,2,Medium,Very Low,Very Low,Medium,Low,Very Low,Very Low
518,musharna,11,605,116,55,85,107,95,29,{psychic},265,The mist emanating from their foreheads is packed with the dreams of people and Pokémon.,487,0.693069306930693,0.9,915.4722222222223,55.0,2,High,Very Low,Medium,High,High,Very Low,High
519,pidove,3,21,50,55,50,36,30,43,"{normal,flying}",266,"Each follows its Trainer’s orders as best it can, but they sometimes fail to understand complicated commands.",264,1.5909090909090908,1.1375,75.66666666666667,7.0,3,Very Low,Very Low,Very Low,Very Low,Very Low,Very Low,Very Low
520,tranquill,6,150,62,77,62,50,42,65,"{normal,flying}",266,It can return to its Trainer’s location regardless of the distance separating them.,358,1.5108695652173914,1.2211538461538463,124.22222222222223,25.0,3,Low,Medium,Low,Low,Very Low,Low,Low
521,unfezant,12,290,80,115,80,65,55,93,"{normal,flying}",266,Males swing their head plumage to threaten opponents. The females’ flying abilities surpass those of the males.,488,1.625,1.3333333333333333,372.22222222222223,24.166666666666668,3,Medium,High,Medium,Low,Low,High,High
522,blitzle,8,298,45,60,32,50,32,76,{electric},267,"When thunderclouds cover the sky, it will appear. It can catch lightning with its mane and store the electricity.",295,1.1219512195121952,1.71875,240.80555555555557,37.25,2,Very Low,Low,Very Low,Low,Very Low,Medium,Very Low
523,zebstrika,16,795,75,100,63,80,63,116,{electric},267,"They have lightning-like movements. When Zebstrika run at full speed, the sound of thunder reverberates.",497,1.1398601398601398,1.4285714285714286,375.13888888888886,49.6875,2,Medium,Medium,Low,Medium,Low,High,High
524,roggenrola,4,180,55,75,85,25,25,15,{rock},268,"Its ear is hexagonal in shape. Compressed underground, its body is as hard as steel.",280,3.2,0.9090909090909091,713.8888888888888,45.0,3,Low,Low,Medium,Very Low,Very Low,Very Low,Very Low
525,boldore,9,1020,70,105,105,50,40,20,{rock},268,"When it overflows with power, the orange crystal on its body glows. It looks for underground water in caves.",390,2.3333333333333335,1.0689655172413792,1016.6666666666666,113.33333333333333,3,Medium,High,High,Low,Very Low,Very Low,Low
526,gigalith,17,2600,85,135,130,60,80,25,{rock},268,Compressing the energy from its internal core lets it fire off an attack capable of blowing away a mountain.,515,1.8928571428571428,0.9285714285714286,1461.8055555555554,152.94117647058823,3,Medium,High,High,Low,Medium,Very Low,High
527,woobat,4,21,65,45,43,55,43,72,"{psychic,flying}",269,Its habitat is dark forests and caves. It emits ultrasonic waves from its nose to learn about its surroundings.,323,0.8979591836734694,1.1627906976744187,128.13888888888889,5.25,2,Low,Very Low,Very Low,Low,Very Low,Medium,Low
528,swoobat,9,105,67,57,55,77,55,114,"{psychic,flying}",269,"It emits sound waves of various frequencies from its nose, including some powerful enough to destroy rocks.",425,0.8484848484848485,1.2181818181818183,434.8055555555555,11.666666666666666,2,Low,Low,Low,Medium,Low,High,Medium
529,drilbur,3,85,60,85,40,30,45,68,{ground},270,It can dig through the ground at a speed of 30 mph. It could give a car running aboveground a good race.,328,1.6666666666666667,1.3529411764705883,340.55555555555554,28.333333333333332,2,Low,Medium,Very Low,Very Low,Very Low,Medium,Low
530,excadrill,7,404,110,135,60,50,65,88,"{ground,steel}",270,It can help in tunnel construction. Its drill has evolved into steel strong enough to bore through iron plates.,508,1.6956521739130435,1.48,897.2222222222223,57.714285714285715,2,High,High,Low,Low,Low,Medium,High
531,audino,11,310,103,60,86,60,86,50,{normal},271,"It touches others with the feelers on its ears, using the sound of their heartbeats to tell how they are feeling.",445,1.0,0.6976744186046512,349.4722222222222,28.181818181818183,1,High,Low,Medium,Low,Medium,Low,Medium
532,timburr,6,125,75,80,55,25,35,35,{fighting},272,It fights by swinging a piece of lumber around. It is close to evolving when it can handle the lumber without difficulty.,305,2.25,1.1666666666666667,436.8055555555555,20.833333333333332,3,Medium,Medium,Low,Very Low,Very Low,Very Low,Very Low
533,gurdurr,12,400,85,105,85,40,50,40,{fighting},272,This Pokémon is so muscular and strongly built that even a group of wrestlers could not make it budge an inch.,405,2.111111111111111,1.0740740740740742,639.5833333333334,33.333333333333336,3,Medium,High,Medium,Very Low,Very Low,Very Low,Low
534,conkeldurr,14,870,105,140,95,55,65,45,{fighting},272,"It is thought that Conkeldurr taught humans how to make concrete more than 2,000 years ago.",505,1.9583333333333333,1.21875,1070.138888888889,62.142857142857146,3,High,High,High,Low,Low,Very Low,High
535,tympole,5,45,50,50,40,50,40,64,{water},273,They warn others of danger by vibrating their cheeks to create a high-pitched sound.,294,1.0,1.25,65.0,9.0,3,Very Low,Very Low,Very Low,Low,Very Low,Low,Very Low
536,palpitoad,8,170,75,65,55,65,55,69,"{water,ground}",273,"When they vibrate the bumps on their heads, they can make waves in water or earthquake-like vibrations on land.",384,1.0,1.1818181818181819,51.666666666666664,21.25,3,Medium,Low,Low,Low,Low,Medium,Low
537,seismitoad,15,620,105,95,75,85,75,74,"{water,ground}",273,They shoot paralyzing liquid from their head bumps. They use vibration to hurt their opponents.,509,1.0625,1.2,136.80555555555557,41.333333333333336,3,High,Medium,Medium,Medium,Medium,Medium,High
538,throh,13,555,120,100,85,30,85,45,{fighting},274,"When it tightens its belt, it becomes stronger. Wild Throh use vines to weave their own belts.",465,1.608695652173913,0.7647058823529411,956.25,42.69230769230769,1,High,Medium,Medium,Very Low,Medium,Very Low,Medium
539,sawk,14,510,75,125,75,30,75,85,{fighting},275,The sound of Sawk punching boulders and trees can be heard all the way from the mountains where they train.,465,1.9047619047619047,1.0333333333333334,764.5833333333334,36.42857142857143,1,Medium,High,Medium,Very Low,Medium,Medium,Medium
540,sewaddle,3,25,45,53,70,40,60,42,"{bug,grass}",276,Leavanny dress it in clothes they made for it when it hatched. It hides its head in its hood while it is sleeping.,310,1.23,0.7153846153846154,113.55555555555554,8.333333333333334,3,Very Low,Very Low,Low,Very Low,Low,Very Low,Low
541,swadloon,5,73,55,63,90,50,80,42,"{bug,grass}",276,Forests where Swadloon live have superb foliage because the nutrients they make from fallen leaves nourish the plant life.,380,1.176923076923077,0.6647058823529411,281.8888888888889,14.6,3,Low,Low,Medium,Low,Medium,Very Low,Low
542,leavanny,12,205,75,103,80,70,80,92,"{bug,grass}",276,"Upon finding a small Pokémon, it weaves clothing for it from leaves, using the cutters on its arms and sticky silk.",500,1.22,1.08125,121.8888888888889,17.083333333333332,3,Medium,High,Medium,Medium,Medium,High,High
543,venipede,4,53,30,45,59,30,39,57,"{bug,poison}",277,"Its bite injects a potent poison, enough to paralyze large bird Pokémon that try to prey on it.",260,1.5072463768115942,0.7653061224489796,134.88888888888889,13.25,3,Very Low,Very Low,Low,Very Low,Very Low,Low,Very Low
544,whirlipede,12,585,40,55,99,40,79,47,"{bug,poison}",277,"Protected by a hard shell, it spins its body like a wheel and crashes furiously into its enemies.",360,1.2941176470588236,0.5337078651685393,479.3333333333333,48.75,3,Very Low,Very Low,High,Very Low,Medium,Low,Low
545,scolipede,25,2005,60,100,89,55,69,112,"{bug,poison}",277,"With quick movements, it chases down its foes, attacking relentlessly with its horns until it prevails.",485,1.5241935483870968,0.9810126582278481,441.1388888888889,80.2,3,Low,Medium,Medium,Low,Medium,High,High
546,cottonee,3,6,40,27,60,37,50,66,"{grass,fairy}",278,"When attacked, it escapes by shooting cotton from its body. The cotton serves as a decoy to distract the attacker.",280,1.0,0.5818181818181818,181.2222222222222,2.0,2,Very Low,Very Low,Low,Very Low,Very Low,Medium,Very Low
547,whimsicott,7,66,60,67,85,77,75,116,"{grass,fairy}",278,"Like the wind, it can slip through any gap, no matter how small. It leaves balls of white fluff behind.",480,1.0,0.9,320.6666666666667,9.428571428571429,2,Low,Low,Medium,Medium,Medium,High,Medium
548,petilil,5,66,45,35,50,70,50,30,{grass},279,The leaves on its head are very bitter. Eating one of these leaves is known to refresh a tired body.,280,0.7083333333333334,1.05,163.88888888888889,13.2,2,Very Low,Very Low,Very Low,Medium,Very Low,Very Low,Very Low
549,lilligant,11,163,70,60,75,110,75,90,{grass},279,Even veteran Trainers face a challenge in getting its beautiful flower to bloom. This Pokémon is popular with celebrities.,480,0.7297297297297297,1.1333333333333333,258.3333333333333,14.818181818181818,2,Medium,Low,Medium,High,Medium,High,Medium
550,basculin,10,180,70,92,65,80,55,98,{water},280,"Red and blue Basculin get along so poorly, they’ll start fighting instantly. These Pokémon are very hostile.",460,1.162962962962963,1.4333333333333333,225.2222222222222,18.0,2,Medium,Medium,Low,Medium,Low,High,Medium
551,sandile,7,152,50,72,35,35,35,65,"{ground,dark}",281,They live buried in the sands of the desert. The sun-warmed sands prevent their body temperature from dropping.,292,1.5285714285714285,1.5285714285714285,228.8888888888889,21.714285714285715,3,Very Low,Low,Very Low,Very Low,Very Low,Low,Very Low
552,krokorok,10,334,60,82,45,45,45,74,"{ground,dark}",281,They live in groups of a few individuals. Protective membranes shield their eyes from sandstorms.,351,1.4111111111111112,1.4111111111111112,223.58333333333334,33.4,3,Low,Medium,Very Low,Very Low,Very Low,Medium,Low
553,krookodile,15,963,95,117,80,65,70,92,"{ground,dark}",281,"They never allow prey to escape. Their jaws are so powerful, they can crush the body of an automobile.",519,1.4592592592592593,1.2133333333333334,301.5833333333333,64.2,3,High,High,Medium,Low,Medium,High,High
554,darumaka,6,375,70,90,45,15,45,50,{fire},282,"When its internal fire is burning, it cannot calm down and it runs around. When the fire diminishes, it falls asleep.",315,2.25,1.1666666666666667,539.5833333333334,62.5,2,Medium,Medium,Very Low,Very Low,Very Low,Low,Low
555,darmanitan,13,929,105,140,55,30,55,95,{fire},282,"Its internal fire burns at 2,500° F, making enough power that it can destroy a dump truck with one punch.",480,2.2941176470588234,1.5454545454545454,1366.6666666666667,71.46153846153847,2,High,High,Low,Very Low,Low,High,Medium
556,maractus,10,280,75,86,67,106,67,60,{grass},283,It uses an up-tempo song and dance to drive away the bird Pokémon that prey on its flower seeds.,461,0.884393063583815,1.4328358208955223,235.80555555555557,28.0,1,Medium,Medium,Low,High,Low,Low,Medium
557,dwebble,3,145,50,65,85,35,35,55,"{bug,rock}",284,This Pokémon can easily melt holes in hard rocks with a liquid secreted from its mouth.,325,2.142857142857143,0.8333333333333334,303.47222222222223,48.333333333333336,2,Very Low,Low,Medium,Very Low,Very Low,Low,Low
558,crustle,14,2000,70,105,125,65,75,45,"{bug,rock}",284,"Competing for territory, Crustle fight viciously. The one whose boulder is broken is the loser of the battle.",485,1.6428571428571428,0.85,703.4722222222223,142.85714285714286,2,Medium,High,High,Low,Medium,Very Low,High
559,scraggy,6,118,50,75,70,35,70,48,"{dark,fighting}",285,"Its skin has a rubbery elasticity, so it can reduce damage by defensively pulling its skin up to its neck.",348,1.380952380952381,0.7857142857142857,211.66666666666666,19.666666666666668,2,Very Low,Low,Low,Very Low,Medium,Low,Low
560,scrafty,11,300,65,90,115,45,115,58,"{dark,fighting}",285,Groups of them beat up anything that enters their territory. Each can spit acidic liquid from its mouth.,488,1.28125,0.5869565217391305,745.5555555555555,27.272727272727273,2,Low,Medium,High,Very Low,High,Low,High
561,sigilyph,14,140,72,58,80,103,80,97,"{psychic,flying}",286,"They never vary the route they fly, because their memories of guarding an ancient city remain steadfast.",490,0.7540983606557377,1.00625,224.8888888888889,10.0,1,Medium,Low,Medium,High,Medium,High,High
562,yamask,5,15,38,30,85,55,65,30,{ghost},287,Each of them carries a mask that used to be its face when it was human. Sometimes they look at it and cry.,303,0.9583333333333334,0.5666666666666667,402.9166666666667,3.0,3,Very Low,Very Low,Medium,Low,Low,Very Low,Very Low
563,cofagrigus,17,765,58,50,145,95,105,30,{ghost},287,It has been said that they swallow those who get too close and turn them into mummies. They like to eat gold nuggets.,483,0.975,0.58,1492.9166666666667,45.0,3,Low,Very Low,High,High,High,Very Low,High
564,tirtouga,7,165,54,78,103,53,45,22,"{water,rock}",288,"Restored from a fossil, this Pokémon can dive to depths beyond half a mile.",355,1.846938775510204,0.8851351351351351,653.8055555555555,23.571428571428573,2,Low,Medium,High,Low,Very Low,Very Low,Low
565,carracosta,12,810,74,108,133,83,65,32,"{water,rock}",288,They can live both in the ocean and on land. A slap from one of them is enough to open a hole in the bottom of a tanker.,495,1.6283783783783783,0.9646464646464646,1021.5833333333334,67.5,2,Medium,High,High,Medium,Low,Very Low,High
566,archen,5,95,55,112,45,74,45,70,"{rock,flying}",289,"Said to be an ancestor of bird Pokémon, they were unable to fly and moved about by hopping from one branch to another.",401,1.319327731092437,2.066666666666667,532.4722222222223,19.0,2,Low,High,Very Low,Medium,Very Low,Medium,Low
567,archeops,14,320,75,140,65,112,65,110,"{rock,flying}",289,"They are intelligent and will cooperate to catch prey. From the ground, they use a running start to take flight.",567,1.1581920903954803,1.9384615384615385,789.5833333333334,22.857142857142858,2,Medium,High,Low,High,Low,High,Very High
568,trubbish,6,310,50,50,62,40,62,65,{poison},290,Inhaling the gas they belch will make you sleep for a week. They prefer unsanitary places.,329,1.0980392156862746,0.7258064516129032,78.80555555555556,51.666666666666664,2,Very Low,Very Low,Low,Very Low,Low,Low,Low
569,garbodor,19,1073,80,95,82,60,82,75,{poison},290,It clenches opponents with its left arm and finishes them off with foul-smelling poison gas belched from its mouth.,474,1.2464788732394365,0.9451219512195121,108.66666666666667,56.473684210526315,2,Medium,Medium,Medium,Low,Medium,Medium,Medium
570,zorua,7,125,40,65,40,80,40,65,{dark},291,"It changes into the forms of others to surprise them. Apparently, it often transforms into a silent child.",330,0.875,1.8125,250.0,17.857142857142858,2,Very Low,Low,Very Low,Medium,Very Low,Low,Low
571,zoroark,16,811,60,105,60,120,60,105,{dark},291,Bonds between these Pokémon are very strong. It protects the safety of its pack by tricking its opponents.,510,0.9166666666666666,1.875,650.0,50.6875,2,Low,High,Low,High,Low,High,High
572,minccino,4,58,55,50,40,40,40,75,{normal},292,"They greet one another by rubbing each other with their tails, which are always kept well groomed and clean.",300,1.125,1.125,158.33333333333334,14.5,2,Low,Very Low,Very Low,Very Low,Very Low,Medium,Very Low
573,cinccino,5,75,75,95,60,65,60,115,{normal},292,Their white fur is coated in a special oil that makes it easy for them to deflect attacks.,470,1.24,1.3333333333333333,413.88888888888886,15.0,2,Medium,Medium,Low,Low,Low,High,Medium
574,gothita,4,58,45,30,50,55,65,45,{psychic},293,Their ribbonlike feelers increase their psychic power. They are always staring at something.,290,0.6666666666666666,0.7391304347826086,113.88888888888887,14.5,3,Very Low,Very Low,Very Low,Low,Low,Very Low,Very Low
575,gothorita,7,180,60,45,70,75,85,55,{psychic},293,They use hypnosis to control people and Pokémon. Tales of Gothorita leading people astray are told in every corner.,390,0.71875,0.7741935483870968,175.0,25.714285714285715,3,Low,Very Low,Low,Medium,Medium,Low,Low
576,gothitelle,15,440,70,55,95,95,110,65,{psychic},293,Starry skies thousands of light-years away are visible in the space distorted by their intense psychic power.,490,0.7317073170731707,0.7317073170731707,380.5555555555555,29.333333333333332,3,Medium,Very Low,High,High,High,Low,High
577,solosis,3,10,45,30,40,105,50,20,{psychic},294,They drive away attackers by unleashing psychic power. They can use telepathy to talk with others.,290,0.45161290322580644,1.5,738.888888888889,3.3333333333333335,3,Very Low,Very Low,Very Low,High,Very Low,Very Low,Very Low
578,duosion,6,80,65,40,50,125,60,30,{psychic},294,"Since they have two divided brains, at times they suddenly try to take two different actions at once.",370,0.4864864864864865,1.5,938.8888888888887,13.333333333333334,3,Low,Very Low,Very Low,High,Low,Very Low,Low
579,reuniclus,10,201,110,65,75,125,85,30,{psychic},294,"When Reuniclus shake hands, a network forms between their brains, increasing their psychic power.",490,0.6666666666666666,1.1875,947.2222222222222,20.1,3,High,Low,Medium,High,Medium,Very Low,High
580,ducklett,5,55,62,44,50,44,50,55,"{water,flying}",295,These bird Pokémon are excellent divers. They swim around in the water eating their favorite food--peat moss.,305,1.0,0.88,39.47222222222222,11.0,2,Low,Very Low,Very Low,Very Low,Very Low,Low,Very Low
581,swanna,13,242,75,87,63,87,63,98,"{water,flying}",295,Swanna start to dance at dusk. The one dancing in the middle is the leader of the flock.,473,1.0,1.380952380952381,169.47222222222223,18.615384615384617,2,Medium,Medium,Low,Medium,Low,High,Medium
582,vanillite,4,57,36,50,50,65,60,44,{ice},296,The temperature of their breath is -58° F. They create snow crystals and make snow fall in the areas around them.,305,0.8,1.0454545454545454,92.1388888888889,14.25,3,Very Low,Very Low,Very Low,Low,Low,Very Low,Very Low
583,vanillish,11,410,51,65,65,80,75,59,{ice},296,"Snowy mountains are this Pokémon’s habitat. During an ancient ice age, they moved to southern areas.",395,0.8387096774193549,1.0357142857142858,92.1388888888889,37.27272727272727,3,Low,Low,Low,Medium,Medium,Low,Low
584,vanilluxe,13,575,71,95,85,110,95,79,{ice},296,"Swallowing large amounts of water, they make snow clouds inside their bodies and attack their foes with violent blizzards.",535,0.8780487804878049,1.1388888888888888,158.80555555555554,44.23076923076923,3,Medium,Medium,Medium,High,High,Medium,Very High
585,deerling,6,195,60,60,50,40,50,75,"{normal,grass}",297,"The color and scent of their fur changes to match the mountain grass. When they sense hostility, they hide in the grass.",335,1.2222222222222223,1.0,120.1388888888889,32.5,2,Low,Low,Very Low,Very Low,Very Low,Medium,Low
586,sawsbuck,19,925,80,100,70,60,70,95,"{normal,grass}",297,They migrate according to the seasons. People can tell the season by looking at Sawsbuck’s horns.,475,1.3076923076923077,1.1428571428571428,203.4722222222222,48.68421052631579,2,Medium,Medium,Low,Low,Medium,High,Medium
587,emolga,4,50,55,75,60,75,60,103,"{electric,flying}",298,The energy made in its cheeks’ electric pouches is stored inside its membrane and released while it is gliding.,428,1.0,1.25,258.88888888888886,12.5,1,Low,Low,Low,Medium,Low,High,Medium
588,karrablast,5,59,50,75,45,40,45,60,{bug},299,These mysterious Pokémon evolve when they receive electrical stimulation while they are in the same place as Shelmet.,315,1.411764705882353,1.2777777777777777,139.58333333333334,11.8,2,Very Low,Low,Very Low,Very Low,Very Low,Low,Low
589,escavalier,10,330,70,135,105,60,105,20,"{bug,steel}",299,"They fly around at high speed, striking with their pointed spears. Even when in trouble, they face opponents bravely.",495,1.4545454545454546,0.9285714285714286,1389.5833333333333,33.0,2,Medium,High,High,Low,High,Very Low,High
590,foongus,2,10,69,55,45,55,55,15,"{grass,poison}",300,"It lures people in with its Poké Ball pattern, then releases poison spores. Why it resembles a Poké Ball is unknown.",294,0.9090909090909091,1.1,280.0,5.0,2,Medium,Very Low,Very Low,Low,Low,Very Low,Very Low
591,amoonguss,6,105,114,85,70,85,80,30,"{grass,poison}",300,"It lures prey close by dancing and waving its arm caps, which resemble Poké Balls, in a swaying motion.",464,0.9393939393939394,1.1333333333333333,627.2222222222222,17.5,2,High,Medium,Low,Medium,Medium,Very Low,Medium
592,frillish,12,330,55,40,50,65,85,40,"{water,ghost}",301,"With its thin, veil-like arms wrapped around the body of its opponent, it sinks to the ocean floor.",335,0.6,0.7777777777777778,245.1388888888889,27.5,2,Low,Very Low,Very Low,Low,Medium,Very Low,Low
593,jellicent,22,1350,100,60,70,85,105,60,"{water,ghost}",301,"The fate of the ships and crew that wander into Jellicent’s habitat: all sunken, all lost, all vanished.",480,0.6842105263157895,0.8285714285714286,325.0,61.36363636363637,2,High,Low,Low,Medium,High,Low,Medium
594,alomomola,12,316,165,75,80,40,45,65,{water},302,The special membrane enveloping Alomomola has the ability to heal wounds.,470,1.8235294117647058,0.92,1713.888888888889,26.333333333333332,1,High,Low,Medium,Very Low,Very Low,Low,Medium
595,joltik,1,6,50,47,50,57,50,65,"{bug,electric}",303,Joltik that live in cities have learned a technique for sucking electricity from the outlets in houses.,319,0.9065420560747663,1.04,37.138888888888886,6.0,2,Very Low,Very Low,Very Low,Low,Very Low,Low,Low
596,galvantula,8,143,70,77,60,97,60,108,"{bug,electric}",303,"When attacked, they create an electric barrier by spitting out many electrically charged threads.",472,0.8726114649681529,1.45,328.55555555555554,17.875,2,Medium,Medium,Low,High,Low,High,Medium
597,ferroseed,6,188,44,50,91,24,86,10,"{grass,steel}",304,"When threatened, it attacks by shooting a barrage of spikes, which gives it a chance to escape by rolling away.",305,1.2818181818181817,0.4180790960451977,880.8055555555557,31.333333333333332,2,Very Low,Very Low,High,Very Low,Medium,Very Low,Very Low
598,ferrothorn,10,1100,74,94,131,54,116,20,"{grass,steel}",304,It fights by swinging around its three spiky feelers. A hit from these steel spikes can reduce a boulder to rubble.,489,1.3235294117647058,0.5991902834008097,1398.5833333333333,110.0,2,Medium,Medium,High,Low,High,Very Low,High
599,klink,3,210,40,55,70,45,60,30,{steel},305,The two minigears that mesh together are predetermined. Each will rebound from other minigears without meshing.,300,1.1904761904761905,0.7692307692307693,175.0,70.0,3,Very Low,Very Low,Low,Very Low,Low,Very Low,Very Low
600,klang,6,510,60,80,95,70,85,50,{steel},305,"By changing the direction in which it rotates, it communicates its feelings to others. When angry, it rotates faster.",440,1.1290322580645162,0.8333333333333334,230.55555555555554,85.0,3,Low,Medium,High,Medium,Medium,Low,Medium
601,klinklang,6,810,60,100,115,70,85,90,{steel},305,The gear with the red core is rotated at high speed for a rapid energy charge.,520,1.3870967741935485,0.85,330.55555555555554,135.0,3,Low,Medium,High,Medium,Medium,High,High
602,tynamo,2,3,35,55,40,45,40,60,{electric},306,"While one alone doesn’t have much power, a chain of many Tynamo can be as powerful as lightning.",275,1.1176470588235294,1.25,78.47222222222223,1.5,3,Very Low,Very Low,Very Low,Very Low,Very Low,Low,Very Low
603,eelektrik,12,220,65,85,70,75,70,40,{electric},306,They coil around foes and shock them with electricity-generating organs that seem simply to be circular patterns.,405,1.0689655172413792,1.1428571428571428,189.58333333333334,18.333333333333332,3,Low,Medium,Low,Medium,Medium,Very Low,Low
604,eelektross,21,805,85,115,80,105,80,50,{electric},306,They crawl out of the ocean using their arms. They will attack prey on shore and immediately drag it into the ocean.,515,1.054054054054054,1.375,428.47222222222223,38.333333333333336,3,Medium,High,Medium,High,Medium,Low,High
605,elgyem,5,90,55,55,55,85,55,30,{psychic},307,"It uses its strong psychic power to squeeze its opponent’s brain, causing unendurable headaches.",335,0.7857142857142857,1.2727272727272727,253.47222222222226,18.0,2,Low,Very Low,Low,Medium,Low,Very Low,Low
606,beheeyem,10,345,75,75,75,125,95,40,{psychic},307,"It can manipulate an opponent’s memory. Apparently, it communicates by flashing its three different-colored fingers.",485,0.6818181818181818,1.1764705882352942,653.4722222222222,34.5,2,Medium,Low,Medium,High,High,Very Low,High
607,litwick,3,31,50,30,55,65,55,20,"{ghost,fire}",308,"Litwick shines a light that absorbs the life energy of people and Pokémon, which becomes the fuel that it burns.",275,0.7083333333333334,0.8636363636363636,245.13888888888889,10.333333333333334,3,Very Low,Very Low,Low,Low,Low,Very Low,Very Low
608,lampent,6,130,60,40,60,95,60,55,"{ghost,fire}",308,"This ominous Pokémon is feared. Through cities it wanders, searching for the spirits of the fallen.",370,0.6451612903225806,1.125,272.22222222222223,21.666666666666668,3,Low,Very Low,Low,High,Low,Low,Low
609,chandelure,10,343,60,55,90,145,90,80,"{ghost,fire}",308,"It absorbs a spirit, which it then burns. By waving the flames on its arms, it puts its foes into a hypnotic trance.",520,0.6170212765957447,1.1111111111111112,863.8888888888888,34.3,3,Low,Very Low,Medium,High,High,Medium,High
610,axew,6,180,46,87,60,30,40,57,{dragon},309,They use their tusks to crush the berries they eat. Repeated regrowth makes their tusks strong and sharp.,320,2.1,1.17,327.88888888888886,30.0,3,Very Low,Medium,Low,Very Low,Very Low,Low,Low
611,fraxure,10,360,66,117,70,40,50,67,{dragon},309,"Since a broken tusk will not grow back, they diligently sharpen their tusks on river rocks after they’ve been fighting.",410,2.077777777777778,1.3083333333333333,586.2222222222222,36.0,3,Low,High,Low,Very Low,Very Low,Medium,Medium
612,haxorus,18,1055,76,147,90,60,70,97,{dragon},309,They are kind but can be relentless when defending territory. They challenge foes with tusks that can cut steel.,540,1.823076923076923,1.29375,799.0,58.611111111111114,3,Medium,High,Medium,Low,Medium,High,Very High
613,cubchoo,5,85,55,70,40,60,40,40,{ice},310,"When it is not feeling well, its mucus gets watery and the power of its Ice-type moves decreases.",305,1.1,1.625,136.80555555555557,17.0,2,Low,Low,Very Low,Low,Very Low,Very Low,Very Low
614,beartic,26,2600,95,130,80,70,80,50,{ice},310,"It can make its breath freeze at will. Very able in the water, it swims around in northern seas and catches prey.",505,1.4,1.25,603.4722222222222,100.0,2,High,High,Medium,Medium,Medium,Low,High
615,cryogonal,11,1480,80,50,50,95,135,105,{ice},311,"When its body temperature goes up, it turns into steam and vanishes. When its temperature lowers, it returns to ice.",515,0.43478260869565216,0.7837837837837838,911.8055555555557,134.54545454545453,1,Medium,Very Low,Very Low,High,High,High,High
616,shelmet,4,77,50,40,85,40,65,25,{bug},312,"When attacked, it defends itself by closing the lid of its shell. It can spit a sticky, poisonous liquid.",305,1.1904761904761905,0.5333333333333333,378.4722222222222,19.25,2,Very Low,Very Low,Medium,Very Low,Low,Very Low,Very Low
617,accelgor,8,253,80,70,40,100,60,145,{bug},312,"When its body dries out, it weakens. So, to prevent dehydration, it wraps itself in many layers of thin membrane.",495,0.6875,1.7,1114.5833333333333,31.625,2,Medium,Low,Very Low,High,Low,High,High
618,stunfisk,7,110,109,66,84,81,99,32,"{ground,electric}",313,"Its skin is very hard, so it is unhurt even if stepped on by sumo wrestlers. It smiles when transmitting electricity.",471,0.8333333333333334,0.8032786885245902,617.5833333333334,15.714285714285714,1,High,Low,Medium,Medium,High,Very Low,Medium
619,mienfoo,9,200,45,85,50,55,50,65,{fighting},314,"In fights, they dominate with onslaughts of flowing, continuous attacks. With their sharp claws, they cut enemies.",350,1.2857142857142858,1.4,180.55555555555554,22.22222222222222,2,Very Low,Medium,Very Low,Low,Very Low,Low,Low
620,mienshao,14,355,65,125,60,95,60,105,{fighting},314,It wields the fur on its arms like a whip. Its arm attacks come with such rapidity that they cannot even be seen.,510,1.1935483870967742,1.8333333333333333,625.0,25.357142857142858,2,Low,High,Low,High,Low,High,High
621,druddigon,16,1390,77,120,90,60,90,48,{dragon},315,"It warms its body by absorbing sunlight with its wings. When its body temperature falls, it can no longer move.",485,1.4,1.0,538.1388888888888,86.875,1,Medium,High,Medium,Low,High,Low,High
622,golett,10,920,59,74,50,35,50,35,"{ground,ghost}",316,"The energy that burns inside it enables it to move, but no one has yet been able to identify this energy.",303,1.4588235294117646,1.09,184.25,92.0,2,Low,Low,Very Low,Very Low,Very Low,Very Low,Very Low
623,golurk,28,3300,89,124,80,55,80,55,"{ground,ghost}",316,It flies across the sky at Mach speeds. Removing the seal on its chest makes its internal energy go out of control.,483,1.511111111111111,1.11875,544.25,117.85714285714286,2,High,High,Medium,Low,Medium,Low,High
624,pawniard,5,102,45,85,70,40,40,60,"{dark,steel}",317,"Blades comprise this Pokémon’s entire body. If battling dulls the blades, it sharpens them on stones by the river.",340,1.9375,1.1363636363636365,280.5555555555556,20.4,3,Very Low,Medium,Low,Very Low,Very Low,Low,Low
625,bisharp,16,700,65,125,100,60,70,70,"{dark,steel}",317,"It leads a group of Pawniard. It battles to become the boss, but will be driven from the group if it loses.",490,1.7307692307692308,1.088235294117647,538.8888888888889,43.75,3,Low,High,High,Low,Medium,Medium,High
626,bouffalant,16,946,95,110,95,40,95,55,{normal},318,"Their fluffy fur absorbs damage, even if they strike foes with a fierce headbutt.",490,1.5185185185185186,0.7894736842105263,630.5555555555555,59.125,1,High,High,High,Very Low,High,Low,High
627,rufflet,5,105,70,83,50,37,50,60,"{normal,flying}",319,"They crush berries with their talons. They bravely stand up to any opponent, no matter how strong it is.",350,1.528735632183908,1.2,223.55555555555557,21.0,2,Medium,Medium,Very Low,Very Low,Very Low,Low,Low
628,braviary,15,410,100,123,75,57,75,80,"{normal,flying}",319,They fight for their friends without any thought about danger to themselves. One can carry a car while flying.,510,1.5,1.2,446.3333333333333,27.333333333333332,2,High,High,Medium,Low,Medium,Medium,High
629,vullaby,5,90,70,55,75,45,65,60,"{dark,flying}",320,Their wings are too tiny to allow them to fly. They guard their posteriors with bones that were gathered by Mandibuzz.,370,1.1818181818181819,0.7142857142857143,97.22222222222221,18.0,2,Medium,Very Low,Medium,Very Low,Low,Low,Low
630,mandibuzz,12,395,110,65,105,55,95,80,"{dark,flying}",320,It makes a nest out of bones it finds. It grabs weakened prey in its talons and hauls it to its nest of bones.,510,1.1333333333333333,0.6,408.3333333333333,32.916666666666664,2,High,Low,High,Low,High,Medium,High
631,heatmor,14,580,85,97,66,105,66,65,{fire},321,It breathes through a hole in its tail while it burns with an internal fire. Durant is its prey.,484,0.9532163742690059,1.5303030303030303,258.88888888888886,41.42857142857143,1,Medium,Medium,Low,High,Low,Low,High
632,durant,3,330,58,109,112,48,48,109,"{bug,steel}",322,"They attack in groups, covering themselves in steel armor to protect themselves from Heatmor.",484,2.3020833333333335,0.98125,872.5555555555555,110.0,1,Low,High,High,Low,Very Low,High,High
633,deino,8,173,52,65,50,45,50,38,"{dark,dragon}",323,"It tends to bite everything, and it is not a picky eater. Approaching it carelessly is dangerous.",300,1.2105263157894737,1.1,66.33333333333333,21.625,3,Low,Low,Very Low,Very Low,Very Low,Very Low,Very Low
634,zweilous,14,500,72,85,70,65,70,58,"{dark,dragon}",323,"After it has eaten up all the food in its territory, it moves to another area. Its two heads do not get along.",420,1.1481481481481481,1.0714285714285714,66.33333333333333,35.714285714285715,3,Medium,Medium,Low,Low,Medium,Low,Medium
635,hydreigon,18,1600,92,105,90,125,90,98,"{dark,dragon}",323,"This brutal Pokémon travels the skies on its six wings. Anything that moves seems like a foe to it, triggering its attack.",600,0.9069767441860465,1.2777777777777777,153.0,88.88888888888889,3,High,High,Medium,High,High,High,Very High
636,larvesta,11,288,55,85,55,50,55,60,"{bug,fire}",324,"This Pokémon was believed to have been born from the sun. When it evolves, its entire body is engulfed in flames.",360,1.3333333333333333,1.2272727272727273,133.33333333333334,26.181818181818183,2,Low,Medium,Low,Low,Low,Low,Low
637,volcarona,16,460,85,60,65,135,105,100,"{bug,fire}",324,"When volcanic ash darkened the atmosphere, it is said that Volcarona’s fire provided a replacement for the sun.",550,0.5208333333333334,1.1470588235294117,647.2222222222223,28.75,2,Medium,Low,Low,High,High,High,Very High
638,cobalion,21,2500,91,90,129,90,72,108,"{steel,fighting}",325,This legendary Pokémon battled against humans to protect Pokémon. Its personality is calm and composed.,580,1.3518518518518519,0.8955223880597015,317.22222222222223,119.04761904761905,1,High,Medium,High,Medium,Medium,High,Very High
639,terrakion,19,2600,91,129,90,72,90,108,"{rock,fighting}",326,This Pokémon came to the defense of Pokémon that had lost their homes in a war among humans.,580,1.3518518518518519,1.1166666666666667,317.22222222222223,136.8421052631579,1,High,High,Medium,Medium,High,High,Very High
640,virizion,20,2000,91,90,72,90,129,108,"{grass,fighting}",327,This Pokémon fought humans in order to protect its friends. Legends about it continue to be passed down.,580,0.7397260273972602,0.8955223880597015,317.22222222222223,100.0,1,High,Medium,Medium,Medium,High,High,Very High
641,tornadus,15,630,79,115,70,125,80,111,{flying},328,The lower half of its body is wrapped in a cloud of energy. It zooms through the sky at 200 mph.,580,0.9024390243902439,1.6,440.88888888888886,42.0,1,Medium,High,Low,High,Medium,High,Very High
642,thundurus,15,610,79,115,70,125,80,111,"{electric,flying}",329,Countless charred remains mar the landscape of places through which Thundurus has passed.,580,0.9024390243902439,1.6,440.88888888888886,40.666666666666664,1,Medium,High,Low,High,Medium,High,Very High
643,reshiram,32,3300,100,120,100,150,120,90,"{dragon,fire}",330,"This Pokémon appears in legends. It sends flames into the air from its tail, burning up everything around it.",680,0.8148148148148148,1.2272727272727273,388.8888888888889,103.125,1,High,High,High,High,High,High,Very High
644,zekrom,29,3450,100,150,120,120,100,90,"{dragon,electric}",331,"Concealing itself in lightning clouds, it flies throughout the Unova region. It creates electricity in its tail.",680,1.2272727272727273,1.2272727272727273,388.8888888888889,118.96551724137932,1,High,High,High,High,High,High,Very High
645,landorus,15,680,89,125,90,115,80,101,"{ground,flying}",332,Lands visited by Landorus grant such bountiful crops that it has been hailed as “The Guardian of the Fields.”,600,1.1025641025641026,1.411764705882353,245.33333333333334,45.333333333333336,1,High,High,Medium,High,Medium,High,Very High
646,kyurem,30,3250,125,130,90,130,90,95,"{dragon,ice}",333,"It generates a powerful, freezing energy inside itself, but its body became frozen when the energy leaked out.",660,1.0,1.4444444444444444,341.6666666666667,108.33333333333333,1,High,High,Medium,High,High,High,Very High
647,keldeo,14,485,91,72,90,129,90,108,"{water,fighting}",334,"By blasting water from its hooves, it can glide across water. It excels at using leg moves while battling.",580,0.7397260273972602,1.1166666666666667,317.22222222222223,34.642857142857146,1,High,Low,Medium,High,High,High,Very High
648,meloetta,6,65,100,77,77,128,128,90,"{normal,psychic}",335,Its melodies are sung with a special vocalization method that can control the feelings of those who hear it.,600,0.6015625,1.0,454.3333333333333,10.833333333333334,1,High,Medium,Medium,High,High,High,Very High
649,genesect,15,825,71,120,95,120,95,99,"{bug,steel}",336,"Over 300 million years ago, it was feared as the strongest of hunters. It has been modified by Team Plasma.",600,1.0,1.263157894736842,282.0,55.0,1,Medium,High,High,High,High,High,Very High
650,chespin,4,90,56,61,65,48,45,38,{grass},337,"The quills on its head are usually soft. When it flexes them, the points become so hard and sharp that they can pierce rock.",313,1.3548387096774193,0.990909090909091,87.80555555555556,22.5,3,Low,Low,Low,Low,Very Low,Very Low,Low
651,quilladin,7,290,61,78,95,56,58,57,{grass},337,It relies on its sturdy shell to deflect predators’ attacks. It counterattacks with its sharp quills.,405,1.5175438596491229,0.8758169934640523,206.91666666666666,41.42857142857143,3,Low,Medium,High,Low,Low,Low,Low
652,chesnaught,16,900,88,107,122,74,75,64,"{grass,fighting}",337,Its Tackle is forceful enough to flip a 50-ton tank. It shields its allies from danger with its own body.,530,1.5369127516778522,0.9187817258883249,409.5555555555555,56.25,3,High,High,High,Medium,Medium,Low,Very High
653,fennekin,4,94,40,45,40,62,60,60,{fire},338,"Eating a twig fills it with energy, and its roomy ears give vent to air hotter than 390 degrees Fahrenheit.",307,0.6967213114754098,1.07,93.47222222222221,23.5,3,Very Low,Very Low,Very Low,Low,Low,Low,Very Low
654,braixen,10,145,59,59,58,90,70,73,{fire},338,"It has a twig stuck in its tail. With friction from its tail fur, it sets the twig on fire and launches into battle.",409,0.73125,1.1640625,129.13888888888889,14.5,3,Low,Low,Low,Medium,Medium,Medium,Medium
655,delphox,15,390,75,69,72,114,100,104,"{fire,psychic}",338,"It gazes into the flame at the tip of its branch to achieve a focused state, which allows it to see into the future.",534,0.6588785046728972,1.063953488372093,309.3333333333333,26.0,3,Medium,Low,Medium,High,High,High,Very High
656,froakie,3,70,41,56,40,62,44,71,{water},339,It secretes flexible bubbles from its chest and back. The bubbles reduce the damage it would otherwise take when attacked.,314,0.9056603773584906,1.4047619047619047,134.22222222222223,23.333333333333332,3,Very Low,Low,Very Low,Low,Very Low,Medium,Low
657,frogadier,6,109,54,63,52,83,56,97,{water},339,"It can throw bubble-covered pebbles with precise control, hitting empty cans up to a hundred feet away.",405,0.8273381294964028,1.3518518518518519,280.9166666666667,18.166666666666668,3,Low,Low,Low,Medium,Low,High,Low
658,greninja,15,400,72,95,67,103,71,122,"{water,dark}",339,"It creates throwing stars out of compressed water. When it spins them and throws them at high speed, these stars can split metal in two.",530,0.9310344827586207,1.434782608695652,402.5555555555556,26.666666666666668,3,Medium,Medium,Low,High,Medium,High,Very High
659,bunnelby,4,50,38,36,38,32,36,57,{normal},340,They use their large ears to dig burrows. They will dig the whole night through.,237,1.088235294117647,0.918918918918919,65.25,12.5,2,Very Low,Very Low,Very Low,Very Low,Very Low,Low,Very Low
660,diggersby,10,424,85,56,77,50,77,78,"{normal,ground}",340,"With their powerful ears, they can heft boulders of a ton or more with ease. They can be a big help at construction sites.",423,1.047244094488189,0.6883116883116883,163.58333333333334,42.4,2,Medium,Low,Medium,Low,Medium,Medium,Medium
661,fletchling,3,17,45,50,43,40,38,62,"{normal,flying}",341,These friendly Pokémon send signals to one another with beautiful chirps and tail-feather movements.,278,1.1923076923076923,1.1111111111111112,63.555555555555564,5.666666666666667,3,Very Low,Very Low,Very Low,Very Low,Very Low,Low,Very Low
662,fletchinder,7,160,62,73,55,56,52,84,"{fire,flying}",341,"From its beak, it expels embers that set the tall grass on fire. Then it pounces on the bewildered prey that pop out of the grass.",382,1.1851851851851851,1.205607476635514,128.88888888888889,22.857142857142858,3,Low,Low,Low,Low,Low,Medium,Low
663,talonflame,12,245,78,81,71,74,69,126,"{fire,flying}",341,"In the fever of an exciting battle, it showers embers from the gaps between its feathers and takes to the air.",499,1.062937062937063,1.1071428571428572,383.1388888888889,20.416666666666668,3,Medium,Medium,Medium,Medium,Medium,High,High
664,scatterbug,3,25,38,35,40,27,25,35,{bug},342,"When under attack from bird Pokémon, it spews a poisonous black powder that causes paralysis on contact.",200,1.4423076923076923,0.9538461538461539,30.222222222222225,8.333333333333334,3,Very Low,Very Low,Very Low,Very Low,Very Low,Very Low,Very Low
665,spewpa,3,84,45,22,60,27,30,29,{bug},342,"It lives hidden within thicket shadows. When predators attack, it quickly bristles the fur covering its body in an effort to threaten them.",213,1.4385964912280702,0.5444444444444444,169.58333333333334,28.0,3,Very Low,Very Low,Low,Very Low,Very Low,Very Low,Very Low
666,vivillon,12,170,80,52,50,90,50,89,"{bug,flying}",342,Vivillon with many different patterns are found all over the world. These patterns are affected by the climate of their habitat.,411,0.7285714285714285,1.42,328.5833333333333,14.166666666666666,3,Medium,Very Low,Very Low,Medium,Very Low,High,Medium
667,litleo,6,135,62,50,58,73,54,72,"{fire,normal}",343,"The stronger the opponent it faces, the more heat surges from its mane and the more power flows through its body.",369,0.8503937007874016,1.0982142857142858,73.91666666666667,22.5,2,Low,Very Low,Low,Medium,Low,Medium,Low
668,pyroar,15,815,86,68,72,109,66,106,"{fire,normal}",343,The male with the largest mane of fire is the leader of the pride.,507,0.8,1.2826086956521738,305.9166666666667,54.333333333333336,2,High,Low,Medium,High,Low,High,High
669,flabebe,1,1,44,38,39,61,79,42,{fairy},344,It draws out and controls the hidden power of flowers. The flower Flabébé holds is most likely part of its body.,303,0.55,0.8389830508474576,220.91666666666666,1.0,3,Very Low,Very Low,Very Low,Low,Medium,Very Low,Very Low
670,floette,2,9,54,45,47,75,98,52,{fairy},344,It flutters around fields of flowers and cares for flowers that are starting to wilt. It draws out the hidden power of flowers to battle.,371,0.5317919075144508,0.8275862068965517,357.1388888888889,4.5,3,Low,Very Low,Very Low,Medium,High,Low,Low
671,florges,11,100,78,65,68,112,154,75,{fairy},344,"It claims exquisite flower gardens as its territory, and it obtains power from basking in the energy emitted by flowering plants.",552,0.5,0.7972972972972973,1005.6666666666666,9.090909090909092,3,Medium,Low,Low,High,High,Medium,Very High
672,skiddo,9,310,66,65,48,62,57,52,{grass},345,"Thought to be one of the first Pokémon to live in harmony with humans, it has a placid disposition.",350,0.9495798319327731,1.2095238095238094,44.22222222222223,34.44444444444444,2,Low,Low,Very Low,Low,Low,Low,Low
673,gogoat,17,910,123,100,62,97,81,68,{grass},345,It can tell how its Trainer is feeling by subtle shifts in the grip on its horns. This empathic sense lets them run as if one being.,531,0.9101123595505618,1.3776223776223777,428.9166666666667,53.529411764705884,2,High,Medium,Low,High,Medium,Medium,Very High
674,pancham,6,80,67,82,62,46,48,43,{fighting},346,"It does its best to be taken seriously by its enemies, but its glare is not sufficiently intimidating. Chewing on a leaf is its trademark.",348,1.5319148936170213,1.1636363636363636,190.33333333333334,13.333333333333334,2,Low,Medium,Low,Very Low,Very Low,Very Low,Low
675,pangoro,21,1360,95,124,78,69,71,58,"{fighting,dark}",346,"Although it possesses a violent temperament, it won’t put up with bullying. It uses the leaf in its mouth to sense the movements of its enemies.",495,1.4428571428571428,1.2953020134228188,468.9166666666667,64.76190476190476,2,High,High,Medium,Medium,Medium,Low,High
676,furfrou,12,280,75,80,60,65,90,102,{normal},347,Trimming its fluffy fur not only makes it more elegant but also increases the swiftness of its movements.,472,0.9032258064516129,0.9666666666666667,203.8888888888889,23.333333333333332,1,Medium,Medium,Low,Low,High,High,Medium
677,espurr,3,35,62,48,54,63,60,68,{psychic},348,The organ that emits its intense psychic power is sheltered by its ears to keep power from leaking out.,355,0.8292682926829268,0.9736842105263158,42.138888888888886,11.666666666666666,2,Low,Very Low,Low,Low,Low,Medium,Low
678,meowstic,6,85,74,48,76,83,81,104,{psychic},348,"When in danger, it raises its ears and releases enough psychic power to grind a 10-ton truck into dust.",466,0.7560975609756098,0.8343949044585988,271.5555555555556,14.166666666666666,2,Medium,Very Low,Medium,Medium,Medium,High,Medium
679,honedge,8,20,45,80,100,35,37,28,"{steel,ghost}",349,Apparently this Pokémon is born when a departed spirit inhabits a sword. It attaches itself to people and drinks their life force.,325,2.5,0.8394160583941606,699.8055555555557,2.5,3,Very Low,Medium,High,Very Low,Very Low,Very Low,Low
680,doublade,8,45,59,110,150,45,49,35,"{steel,ghost}",349,"When Honedge evolves, it divides into two swords, which cooperate via telepathy to coordinate attacks and slash their enemies to ribbons.",448,2.765957446808511,0.7788944723618091,1713.5555555555557,5.625,3,Low,High,High,Very Low,Very Low,Very Low,Medium
681,aegislash,17,530,60,50,140,50,140,60,"{steel,ghost}",349,"Generations of kings were attended by these Pokémon, which used their spectral power to manipulate and control people and Pokémon.",500,1.0,0.35714285714285715,1622.222222222222,31.176470588235293,3,Low,Very Low,High,Low,High,Low,High
682,spritzee,2,5,78,52,60,63,65,23,{fairy},350,It emits a scent that enraptures those who smell it. This fragrance changes depending on what it has eaten.,341,0.875,0.92,288.47222222222223,2.5,2,Medium,Very Low,Low,Low,Low,Very Low,Low
683,aromatisse,8,155,101,72,72,99,89,29,{fairy},350,"It devises various scents, pleasant and unpleasant, and emits scents that its enemies dislike in order to gain an edge in battle.",462,0.7659574468085106,1.062111801242236,593.0,19.375,2,High,Low,Medium,High,High,Very Low,Medium
684,swirlix,4,35,62,48,66,59,57,49,{fairy},351,"To entangle its opponents in battle, it extrudes white threads as sweet and sticky as cotton candy.",341,0.9827586206896551,0.8699186991869918,42.472222222222214,8.75,2,Low,Very Low,Low,Low,Low,Low,Low
685,slurpuff,8,50,82,80,86,85,75,72,{fairy},351,It can distinguish the faintest of scents. It puts its sensitive sense of smell to use by helping pastry chefs in their work.,480,1.0375,1.0248447204968945,25.666666666666668,6.25,2,Medium,Medium,Medium,Medium,Medium,Medium,Medium
686,inkay,4,35,53,54,53,37,46,45,"{dark,psychic}",352,Opponents who stare at the flashing of the light-emitting spots on its body become dazed and lose their will to fight.,288,1.2891566265060241,0.9191919191919192,36.666666666666664,8.75,2,Low,Very Low,Low,Very Low,Very Low,Very Low,Very Low
687,malamar,15,470,86,92,88,68,75,73,"{dark,psychic}",352,"It wields the most compelling hypnotic powers of any Pokémon, and it forces others to do whatever it wants.",482,1.2587412587412588,0.9815950920245399,76.8888888888889,31.333333333333332,2,High,Medium,Medium,Medium,Medium,Medium,High
688,binacle,5,310,42,52,67,39,56,50,"{rock,water}",353,"Two Binacle live together on one rock. When they fight, one of them will move to a different rock.",306,1.2526315789473683,0.7398373983739838,84.66666666666667,62.0,2,Very Low,Very Low,Low,Very Low,Low,Low,Very Low
689,barbaracle,13,960,72,105,115,54,86,68,"{rock,water}",353,"When they evolve, two Binacle multiply into seven. They fight with the power of seven Binacle.",500,1.5714285714285714,0.7910447761194029,450.5555555555556,73.84615384615384,2,Medium,High,High,Low,Medium,Medium,High
690,skrelp,5,73,50,60,60,60,60,30,"{poison,water}",354,"Camouflaged as rotten kelp, they spray liquid poison on prey that approaches unawares and then finish it off.",320,1.0,1.0,122.22222222222223,14.6,2,Very Low,Low,Low,Low,Low,Very Low,Low
691,dragalge,18,815,65,75,90,97,123,44,"{poison,dragon}",354,"Their poison is strong enough to eat through the hull of a tanker, and they spit it indiscriminately at anything that enters their territory.",494,0.75,0.8075117370892019,625.2222222222222,45.27777777777778,2,Low,Low,Medium,High,High,Very Low,High
692,clauncher,5,83,50,53,62,58,63,44,{water},355,They knock down flying prey by firing compressed water from their massive claws like shooting a pistol.,330,0.9504132231404959,0.888,45.333333333333336,16.6,2,Very Low,Very Low,Low,Low,Low,Very Low,Low
693,clawitzer,13,353,71,73,88,120,89,59,{water},355,Their enormous claws launch cannonballs of water powerful enough to pierce tanker hulls.,500,0.7703349282296651,1.0903954802259888,374.88888888888886,27.153846153846153,2,Medium,Low,Medium,High,High,Low,High
694,helioptile,5,60,44,38,33,61,43,70,"{electric,normal}",356,"They make their home in deserts. They can generate their energy from basking in the sun, so eating food is not a requirement.",289,0.6826923076923077,1.3026315789473684,169.80555555555557,12.0,2,Very Low,Very Low,Very Low,Low,Very Low,Medium,Very Low
695,heliolisk,10,210,62,55,52,109,94,109,"{electric,normal}",356,They flare their frills and generate energy. A single Heliolisk can generate sufficient electricity to power a skyscraper.,481,0.5270935960591133,1.1232876712328768,601.8055555555555,21.0,2,Low,Very Low,Low,High,High,High,High
696,tyrunt,8,260,58,89,77,45,45,48,"{rock,dragon}",357,"This Pokémon was restored from a fossil. If something happens that it doesn’t like, it throws a tantrum and runs wild.",362,1.8444444444444446,1.098360655737705,287.88888888888886,32.5,2,Low,Medium,Medium,Very Low,Very Low,Low,Low
697,tyrantrum,25,2700,82,121,119,69,59,71,"{rock,dragon}",357,"Thanks to its gargantuan jaws, which could shred thick metal plates as if they were paper, it was invincible in the ancient world it once inhabited.",521,1.875,1.0674157303370786,594.8055555555557,108.0,2,Medium,High,High,Medium,Low,Medium,High
698,amaura,13,252,77,59,50,67,63,46,"{rock,ice}",358,This ancient Pokémon was restored from part of its body that had been frozen in ice for over 100 million years.,362,0.8384615384615385,1.1150442477876106,107.22222222222221,19.384615384615383,2,Medium,Low,Very Low,Medium,Low,Low,Low
699,aurorus,27,2250,123,77,72,99,92,58,"{rock,ice}",358,"The diamond-shaped crystals on its body expel air as cold as -240 degrees Fahrenheit, surrounding its enemies and encasing them in ice.",521,0.7801047120418848,1.0731707317073171,438.4722222222222,83.33333333333333,2,High,Medium,Medium,High,High,Low,High
700,sylveon,10,235,95,65,65,110,130,60,{fairy},67,It sends a soothing aura from its ribbonlike feelers to calm fights.,525,0.5416666666666666,0.8974358974358975,689.5833333333334,23.5,9,High,Low,Low,High,High,Low,High
701,hawlucha,8,215,78,92,75,74,63,118,"{fighting,flying}",359,"Although its body is small, its proficient fighting skills enable it to keep up with big bruisers like Machamp and Hariyama.",500,1.218978102189781,1.2028985507246377,312.55555555555554,26.875,1,Medium,Medium,Medium,Medium,Low,High,High
702,dedenne,2,22,67,58,57,81,67,101,"{electric,fairy}",360,"Its whiskers serve as antennas. By sending and receiving electrical waves, it can communicate with others over vast distances.",431,0.777027027027027,1.1209677419354838,232.13888888888889,11.0,1,Low,Low,Low,Medium,Low,High,Medium
703,carbink,3,57,50,50,150,50,150,50,"{rock,fairy}",361,"Born from the temperatures and pressures deep underground, it fires beams from the stone in its head.",500,1.0,0.3333333333333333,2222.222222222222,19.0,1,Very Low,Very Low,High,Low,High,Low,High
704,goomy,3,28,45,50,35,55,75,40,{dragon},362,"The weakest Dragon-type Pokémon, it lives in damp, shady places, so its body doesn’t dry out.",300,0.6538461538461539,0.9545454545454546,166.66666666666666,9.333333333333334,3,Very Low,Very Low,Very Low,Low,Medium,Very Low,Very Low
705,sliggoo,8,175,68,75,53,83,113,60,{dragon},362,"It drives away opponents by excreting a sticky liquid that can dissolve anything. Its eyes devolved, so it can’t see anything.",452,0.6530612244897959,0.9518072289156626,377.5555555555555,21.875,3,Low,Low,Low,Medium,High,Low,Medium
706,goodra,20,1505,90,100,70,110,150,80,{dragon},362,"This very friendly Dragon-type Pokémon will hug its beloved Trainer, leaving that Trainer covered in sticky slime.",600,0.6538461538461539,0.9545454545454546,666.6666666666666,75.25,3,High,Medium,Low,High,High,Medium,Very High
707,klefki,2,30,57,80,91,80,87,75,"{steel,fairy}",363,These key collectors threaten any attackers by fiercely jingling their keys at them.,470,1.0239520958083832,0.898876404494382,117.8888888888889,15.0,1,Low,Medium,High,Medium,High,Medium,Medium
708,phantump,4,70,43,70,48,50,60,38,"{ghost,grass}",364,These Pokémon are created when spirits possess rotten tree stumps. They prefer to live in abandoned forests.,309,1.0727272727272728,1.1111111111111112,113.91666666666667,17.5,2,Very Low,Low,Very Low,Low,Low,Very Low,Very Low
709,trevenant,15,710,85,110,76,65,82,56,"{ghost,grass}",364,"It can control trees at will. It will trap people who harm the forest, so they can never leave.",474,1.2653061224489797,1.1075949367088607,290.0,47.333333333333336,2,Medium,High,Medium,Low,Medium,Low,Medium
710,pumpkaboo,4,50,49,66,70,44,55,51,"{ghost,grass}",365,"The pumpkin body is inhabited by a spirit trapped in this world. As the sun sets, it becomes restless and active.",335,1.3737373737373737,0.88,85.80555555555554,12.5,2,Very Low,Low,Low,Very Low,Low,Low,Low
711,gourgeist,9,125,65,90,122,58,75,84,"{ghost,grass}",365,"Singing in eerie voices, they wander town streets on the night of the new moon. Anyone who hears their song is cursed.",494,1.593984962406015,0.751269035532995,430.22222222222223,13.88888888888889,2,Low,Medium,High,Low,Medium,Medium,High
712,bergmite,10,995,55,69,85,32,35,28,{ice},366,It blocks opponents’ attacks with the ice that shields its body. It uses cold air to repair any cracks with new ice.,304,2.298507462686567,0.8416666666666667,440.22222222222223,99.5,2,Low,Low,Medium,Very Low,Very Low,Very Low,Very Low
713,avalugg,20,5050,95,117,184,44,46,28,{ice},366,Its ice-covered body is as hard as steel. Its cumbersome frame crushes anything that stands in its way.,514,3.3444444444444446,0.7,2895.555555555555,252.5,2,High,High,High,Very Low,Very Low,Very Low,High
714,noibat,5,80,40,30,35,45,40,55,"{flying,dragon}",367,"They live in pitch-black caves. Their enormous ears can emit ultrasonic waves of 200,000 hertz.",245,0.7647058823529411,1.0,61.80555555555555,16.0,2,Very Low,Very Low,Very Low,Very Low,Very Low,Low,Very Low
715,noivern,15,850,85,70,80,97,80,123,"{flying,dragon}",367,They fly around on moonless nights and attack careless prey. Nothing can beat them in a battle in the dark.,535,0.847457627118644,1.04375,293.1388888888889,56.666666666666664,2,Medium,Low,Medium,High,Medium,High,Very High
716,xerneas,30,2150,126,131,95,131,98,99,{fairy},368,Legends say it can share eternal life. It slept for a thousand years in the form of a tree before its revival.,680,0.9868995633187773,1.3575129533678756,260.22222222222223,71.66666666666667,1,High,High,High,High,High,High,Very High
717,yveltal,58,2030,126,131,95,131,98,99,"{dark,flying}",369,"When this legendary Pokémon’s wings and tail feathers spread wide and glow red, it absorbs the life force of living creatures.",680,0.9868995633187773,1.3575129533678756,260.22222222222223,35.0,1,High,High,High,High,High,High,Very High
718,zygarde,50,3050,108,100,121,81,95,95,"{dragon,ground}",370,"When the Kalos region’s ecosystem falls into disarray, it appears and reveals its secret power.",600,1.2556818181818181,0.8379629629629629,152.66666666666666,61.0,1,High,Medium,High,Medium,High,High,Very High
719,diancie,7,88,50,100,150,100,150,50,"{rock,fairy}",371,"A sudden transformation of Carbink, its pink, glimmering body is said to be the loveliest sight in the whole world.",600,1.0,0.6666666666666666,1666.6666666666667,12.571428571428571,1,Very Low,Medium,High,High,High,Low,Very High
720,hoopa,5,90,80,110,60,150,130,70,"{psychic,ghost}",372,"This troublemaker sends anything and everything to faraway places using its loop, which can warp space.",600,0.6071428571428571,1.368421052631579,1066.6666666666667,18.0,1,Medium,High,Low,High,High,Medium,Very High
721,volcanion,17,1950,80,110,120,130,90,70,"{fire,water}",373,It lets out billows of steam and disappears into the dense fog. It’s said to live in mountains where humans do not tread.,600,1.0454545454545454,1.1428571428571428,466.6666666666667,114.70588235294117,1,Medium,High,High,High,High,Medium,Very High
722,rowlet,3,15,68,55,55,50,50,42,"{grass,flying}",374,"This wary Pokémon uses photosynthesis to store up energy during the day, while becoming active at night.",320,1.1,1.0,61.88888888888888,5.0,3,Low,Very Low,Low,Low,Very Low,Very Low,Low
723,dartrix,7,160,78,75,75,70,70,52,"{grass,flying}",374,"A bit of a dandy, it spends its free time preening its wings. Its preoccupation with any dirt on its plumage can leave it unable to battle.",420,1.0714285714285714,1.0,73.0,22.857142857142858,3,Medium,Low,Medium,Medium,Medium,Low,Medium
724,decidueye,16,366,78,107,75,100,100,70,"{grass,ghost}",374,"It fires arrow quills from its wings with such precision, they can pierce a pebble at distances over a hundred yards.",530,0.91,1.1828571428571428,206.88888888888889,22.875,3,Medium,High,Medium,High,High,Medium,Very High
725,litten,4,43,45,65,40,60,40,70,{fire},375,"While grooming itself, it builds up fur inside its stomach. It sets the fur alight and spews fiery attacks, which change based on how it coughs.",320,1.05,1.5625,147.22222222222223,10.75,3,Very Low,Low,Very Low,Low,Very Low,Medium,Low
726,torracat,7,250,65,85,50,80,50,90,{fire},375,"At its throat, it bears a bell of fire. The bell rings brightly whenever this Pokémon spits fire.",420,1.0384615384615385,1.65,258.3333333333333,35.714285714285715,3,Low,Medium,Very Low,Medium,Very Low,High,Medium
727,incineroar,18,830,95,115,90,80,90,60,"{fire,dark}",375,"This Pokémon has a violent, selfish disposition. If it’s not in the mood to listen, it will ignore its Trainer’s orders with complete nonchalance.",530,1.2058823529411764,1.0833333333333333,272.22222222222223,46.111111111111114,3,High,High,Medium,Medium,High,Low,Very High
728,popplio,4,75,50,54,54,66,56,40,{water},376,"This Pokémon snorts body fluids from its nose, blowing balloons to smash into its foes. It’s famous for being a hard worker.",320,0.8852459016393442,1.0909090909090908,59.55555555555554,18.75,3,Very Low,Very Low,Low,Medium,Low,Very Low,Low
729,brionne,6,175,60,69,69,91,81,50,{water},376,"A skillful dancer, it creates a sequence of water balloons as it dances, and briskly bombards its enemies.",420,0.8023255813953488,1.0666666666666667,177.33333333333334,29.166666666666668,3,Low,Low,Low,High,Medium,Low,Medium
730,primarina,18,440,80,74,74,126,116,60,"{water,fairy}",376,It controls its water balloons with song. The melody is learned from others of its kind and is passed down from one generation to the next.,530,0.6115702479338843,1.0526315789473684,577.8888888888888,24.444444444444443,3,Medium,Low,Medium,High,High,Low,Very High
731,pikipek,3,12,35,75,30,30,30,65,"{normal,flying}",377,It can peck at a rate of 16 times a second to drill holes in trees. It uses the holes for food storage and for nesting.,265,1.75,1.75,345.1388888888889,4.0,3,Very Low,Low,Very Low,Very Low,Very Low,Low,Very Low
732,trumbeak,6,148,55,85,50,40,50,75,"{normal,flying}",377,"It eats berries and stores their seeds in its beak. When it encounters enemies or prey, it fires off all the seeds in a burst.",355,1.5,1.25,245.1388888888889,24.666666666666668,3,Low,Medium,Very Low,Very Low,Very Low,Medium,Low
733,toucannon,11,260,80,120,75,75,75,60,"{normal,flying}",377,"When it battles, its beak heats up. The temperature can easily exceed 212 degrees Fahrenheit, causing severe burns when it hits.",485,1.3,1.3,345.1388888888889,23.636363636363637,3,Medium,High,Medium,Medium,Medium,Low,High
734,yungoos,4,60,48,70,30,30,30,45,{normal},378,"With its sharp fangs, it will bite anything. It did not originally live in Alola but was imported from another region.",253,1.6666666666666667,1.6666666666666667,210.1388888888889,15.0,2,Very Low,Low,Very Low,Very Low,Very Low,Very Low,Very Low
735,gumshoos,7,142,88,110,60,55,60,45,{normal},378,"When it finds a trace of its prey, it patiently stakes out the location...but it’s always snoozing by nightfall.",418,1.4782608695652173,1.375,495.5555555555555,20.285714285714285,2,High,High,Low,Low,Low,Very Low,Medium
736,grubbin,4,44,47,62,45,55,45,46,{bug},379,Its strong jaw enables it to scrape trees and slurp out the sap. It normally lives underground.,300,1.07,1.3,40.666666666666664,11.0,3,Very Low,Low,Very Low,Low,Very Low,Low,Very Low
737,charjabug,5,105,57,82,95,55,75,36,"{bug,electric}",379,"Its body is capable of storing electricity. On camping trips, people are grateful to have one around.",400,1.3615384615384616,0.8058823529411765,379.5555555555556,21.0,3,Low,Medium,High,Low,Medium,Very Low,Low
738,vikavolt,15,450,77,70,90,145,75,43,"{bug,electric}",379,"It zips around, on sharp lookout for an opening. It concentrates electrical energy within its large jaws and uses it to zap its enemies.",500,0.7272727272727273,1.303030303030303,960.2222222222222,30.0,3,Medium,Low,Medium,High,Medium,Very Low,High
739,crabrawler,6,70,47,82,57,42,47,63,{fighting},380,"While guarding its weak points with its pincers, it looks for an opening and unleashes punches. When it loses, it foams at the mouth and faints.",338,1.5617977528089888,1.1923076923076923,180.55555555555554,11.666666666666666,2,Very Low,Medium,Low,Very Low,Very Low,Low,Low
740,crabominable,17,1800,97,132,77,62,67,43,"{fighting,ice}",380,"It aimed for the top but got lost and ended up on a snowy mountain. Being forced to endure the cold, this Pokémon evolved and grew fur.",478,1.62015503875969,1.3472222222222223,810.5555555555557,105.88235294117646,2,High,High,Medium,Low,Low,Very Low,Medium
741,oricorio,6,34,75,70,70,98,70,93,"{fire,flying}",381,"It beats its wings together to create fire. As it moves in the steps of its beautiful dance, it bathes opponents in intense flames.",476,0.8333333333333334,1.2,135.88888888888889,5.666666666666667,1,Medium,Low,Low,High,Medium,High,Medium
742,cutiefly,1,2,40,45,40,55,40,84,"{bug,fairy}",382,"It feeds on the nectar and pollen of flowers. Because it’s able to sense auras, it can identify which flowers are about to bloom.",304,0.8947368421052632,1.25,250.55555555555557,2.0,2,Very Low,Very Low,Very Low,Low,Very Low,Medium,Very Low
743,ribombee,2,5,60,55,60,95,70,124,"{bug,fairy}",382,"It rolls up pollen into puffs. It makes many different varieties, some used as food and others used in battle.",464,0.696969696969697,1.1538461538461537,607.2222222222222,2.5,2,Low,Very Low,Low,High,Medium,High,Medium
744,rockruff,5,92,45,65,40,30,40,60,{rock},383,"It’s considered to be a good Pokémon for beginners because of its friendliness, but its disposition grows rougher as it grows up.",280,1.5,1.1875,147.22222222222223,18.4,2,Very Low,Low,Very Low,Very Low,Very Low,Low,Very Low
745,lycanroc,8,250,75,115,65,55,65,112,{rock},383,"Its quick movements confuse its enemies. Well equipped with claws and fangs, it also uses the sharp rocks in its mane as weapons.",487,1.5,1.3076923076923077,556.8055555555555,31.25,2,Medium,High,Low,Low,Low,High,High
746,wishiwashi,2,3,45,20,20,25,25,40,{water},384,"When it’s in trouble, its eyes moisten and begin to shine. The shining light attracts its comrades, and they stand together against their enemies.",175,0.8,1.0,95.1388888888889,1.5,1,Very Low,Very Low,Very Low,Very Low,Very Low,Very Low,Very Low
747,mareanie,4,80,50,53,62,43,52,45,"{poison,water}",385,"It plunges the poison spike on its head into its prey. When the prey has weakened, Mareanie deals the finishing blow with its 10 tentacles.",305,1.2105263157894737,0.8421052631578947,37.80555555555555,20.0,2,Very Low,Very Low,Low,Very Low,Low,Very Low,Very Low
748,toxapex,7,145,50,63,152,53,142,35,"{poison,water}",385,Toxapex crawls along the ocean floor on its 12 legs. It leaves a trail of Corsola bits scattered in its wake.,495,1.1025641025641026,0.3945578231292517,2155.5833333333335,20.714285714285715,2,Very Low,Low,High,Low,High,Very Low,High
749,mudbray,10,1100,70,100,70,45,55,45,{ground},386,The mud stuck to Mudbray’s hooves enhances its grip and its powerful running gait.,385,1.7,1.16,361.8055555555556,110.0,2,Medium,Medium,Low,Very Low,Low,Very Low,Low
750,mudsdale,25,9200,100,125,100,55,85,35,{ground},386,"It spits a mud that provides resistance to both wind and rain, so the walls of old houses were often coated with it.",500,1.6071428571428572,0.972972972972973,905.5555555555557,368.0,2,High,High,High,Low,Medium,Very Low,High
751,dewpider,3,40,38,40,52,40,72,27,"{water,bug}",387,It crawls onto the land in search of food. Its water bubble allows it to breathe and protects its soft head.,269,0.8214285714285714,0.6451612903225806,200.13888888888889,13.333333333333334,2,Very Low,Very Low,Low,Very Low,Medium,Very Low,Very Low
752,araquanid,18,820,68,70,92,50,132,42,"{water,bug}",387,"It delivers headbutts with the water bubble on its head. Small Pokémon get sucked into the bubble, where they drown.",454,0.8901098901098901,0.5357142857142857,887.2222222222223,45.55555555555556,2,Low,Low,High,Low,High,Very Low,Medium
753,fomantis,3,15,40,55,35,50,35,35,{grass},388,"During the day, it sleeps and soaks up light. When night falls, it walks around looking for a safer place to sleep.",250,1.0588235294117647,1.5,63.88888888888888,5.0,2,Very Low,Very Low,Very Low,Low,Very Low,Very Low,Very Low
754,lurantis,9,185,70,105,90,80,90,45,{grass},388,"It requires a lot of effort to maintain Lurantis’s vivid coloring, but some collectors enjoy this work and treat it as their hobby.",480,1.1470588235294117,1.0277777777777777,358.3333333333333,20.555555555555557,2,Medium,High,Medium,Medium,High,Very Low,Medium
755,morelull,2,15,40,35,55,65,75,15,"{grass,fairy}",389,It scatters spores that flicker and glow. Anyone seeing these lights falls into a deep slumber.,285,0.6428571428571429,0.7692307692307693,397.9166666666667,7.5,2,Very Low,Very Low,Low,Low,Medium,Very Low,Very Low
756,shiinotic,10,115,60,45,80,90,100,30,"{grass,fairy}",389,Forests where Shiinotic live are treacherous to enter at night. People confused by its strange lights can never find their way home again.,405,0.6578947368421053,0.75,614.5833333333334,11.5,2,Low,Very Low,Medium,Medium,High,Very Low,Low
757,salandit,6,48,48,44,40,71,40,77,"{poison,fire}",390,"It burns its bodily fluids to create a poisonous gas. When its enemies become disoriented from inhaling the gas, it attacks them.",320,0.7567567567567568,1.4375,223.8888888888889,8.0,2,Very Low,Very Low,Very Low,Medium,Very Low,Medium,Low
758,salazzle,12,222,68,64,60,111,60,117,"{poison,fire}",390,"For some reason, only females have been found. It creates a reverse harem of male Salandit that it lives with.",480,0.7251461988304093,1.4583333333333333,588.3333333333334,18.5,2,Low,Low,Low,High,Low,High,Medium
759,stufful,5,68,70,75,50,45,50,50,"{normal,fighting}",391,"Despite its adorable appearance, when it gets angry and flails about, its arms and legs could knock a pro wrestler sprawling.",340,1.3157894736842106,1.2,130.55555555555557,13.6,2,Medium,Low,Very Low,Very Low,Very Low,Low,Low
760,bewear,21,1350,120,125,80,55,60,60,"{normal,fighting}",391,This immensely dangerous Pokémon possesses overwhelming physical strength. Its habitat is generally off-limits.,500,1.7826086956521738,1.2857142857142858,830.5555555555555,64.28571428571429,2,High,High,Medium,Low,Low,Low,High
761,bounsweet,3,32,42,30,38,30,38,32,{grass},392,A delectable aroma pours from its body. They are often swallowed whole by Toucannon lured by that wafting deliciousness.,210,1.0,0.7894736842105263,21.0,10.666666666666666,3,Very Low,Very Low,Very Low,Very Low,Very Low,Very Low,Very Low
762,steenee,7,82,52,40,48,40,48,62,{grass},392,"The sepals on its head developed to protect its body. These are quite hard, so even if pecked by bird Pokémon, this Pokémon is totally fine.",290,1.0,0.8333333333333334,56.555555555555564,11.714285714285714,3,Low,Very Low,Very Low,Very Low,Very Low,Low,Very Low
763,tsareena,12,214,72,120,98,50,98,72,{grass},392,"Its long, striking legs aren’t just for show but to be used to kick with skill. In victory, it shows off by kicking the defeated, laughing boisterously.",510,1.472972972972973,0.8673469387755102,521.0,17.833333333333332,3,Medium,High,High,Low,High,Medium,High
764,comfey,1,3,51,52,90,82,110,100,{fairy},393,"It attaches flowers to its highly nutritious vine. This revitalizes the flowers, and they give off an aromatic scent.",485,0.7395833333333334,0.67,504.13888888888886,3.0,1,Low,Very Low,Medium,Medium,High,High,High
765,oranguru,15,760,90,60,80,90,110,60,"{normal,psychic}",394,"Known for its extreme intelligence, this Pokémon will look down on inexperienced Trainers, so it’s best suited to veteran Trainers.",490,0.7,0.7894736842105263,313.88888888888886,50.666666666666664,1,High,Low,Medium,Medium,High,Low,High
766,passimian,20,828,100,120,90,40,60,80,{fighting},395,They form groups of roughly 20 individuals. Their mutual bond is remarkable—they will never let down a comrade.,490,2.1,1.0666666666666667,680.5555555555555,41.4,1,High,High,Medium,Very Low,Low,Medium,High
767,wimpod,5,120,25,35,40,20,30,80,"{bug,water}",396,"This Pokémon is a coward. As it desperately dashes off, the flailing of its many legs leaves a sparkling clean path in its wake.",230,1.5,0.7857142857142857,388.88888888888886,24.0,2,Very Low,Very Low,Very Low,Very Low,Very Low,Medium,Very Low
768,golisopod,20,1080,75,125,140,60,90,40,"{bug,water}",396,"With a flashing slash of its giant sharp claws, it cleaves seawater—or even air—right in two.",530,1.7666666666666666,0.8043478260869565,1222.222222222222,54.0,2,Medium,High,High,Low,High,Very Low,Very High
769,sandygast,5,700,55,55,80,70,45,15,"{ghost,ground}",397,"Born from a sand mound playfully built by a child, this Pokémon embodies the grudges of the departed.",320,1.173913043478261,1.0,422.2222222222222,140.0,2,Low,Very Low,Medium,Medium,Very Low,Very Low,Low
770,palossand,13,2500,85,75,110,100,75,35,"{ghost,ground}",397,"Possessed people controlled by this Pokémon transformed its sand mound into a castle. As it evolved, its power to curse grew ever stronger.",480,1.0571428571428572,0.9459459459459459,566.6666666666666,192.30769230769232,2,Medium,Low,High,High,Medium,Very Low,Medium
771,pyukumuku,3,12,55,60,130,30,130,5,{water},398,"It’s covered in a slime that keeps its skin moist, allowing it to stay on land for days without drying up.",410,1.1875,0.34615384615384615,2222.222222222222,4.0,1,Low,Low,High,Very Low,High,Very Low,Medium
772,type-null,19,1205,95,95,95,95,95,59,{normal},399,The heavy control mask it wears suppresses its intrinsic capabilities. This Pokémon has some hidden special power.,534,1.0,1.0,180.0,63.421052631578945,2,High,Medium,High,High,High,Low,Very High
773,silvally,23,1005,95,95,95,95,95,95,{normal},399,"Its trust in its partner is what awakens it. This Pokémon is capable of changing its type, a flexibility that is well displayed in battle.",570,1.0,1.0,0.0,43.69565217391305,2,High,Medium,High,High,High,High,Very High
774,minior,3,400,60,60,100,60,100,60,"{rock,flying}",400,"Originally making its home in the ozone layer, it hurtles to the ground when the shell enclosing its body grows too heavy.",440,1.0,0.6,355.5555555555555,133.33333333333334,1,Low,Low,High,Low,High,Low,Medium
775,komala,4,199,65,115,65,75,95,65,{normal},401,"It is born asleep, and it dies asleep. All its movements are apparently no more than the results of it tossing and turning in its dreams.",480,1.0588235294117647,1.1875,358.3333333333333,49.75,1,Low,High,Low,Medium,High,Low,Medium
776,turtonator,20,2120,60,78,135,91,85,36,"{fire,dragon}",402,The shell on its back is chemically unstable and explodes violently if struck. The hole in its stomach is its weak point.,485,1.2102272727272727,0.7681818181818182,917.8055555555557,106.0,1,Low,Medium,High,High,Medium,Very Low,High
777,togedemaru,3,33,65,98,63,40,73,96,"{electric,steel}",403,"The spiny fur on its back is normally at rest. When this Pokémon becomes agitated, its fur stands on end and stabs into its attackers.",435,1.424778761061947,1.0147058823529411,400.9166666666667,11.0,1,Low,Medium,Low,Very Low,Medium,High,Medium
778,mimikyu,2,7,55,90,80,50,105,96,"{ghost,fairy}",404,Its actual appearance is unknown. A scholar who saw what was under its rag was overwhelmed by terror and died from the shock.,476,1.096774193548387,0.7567567567567568,417.22222222222223,3.5,1,Low,Medium,Medium,Low,High,High,Medium
779,bruxish,9,190,68,105,70,70,70,92,"{water,psychic}",405,"When it unleashes its psychic power from the protuberance on its head, the grating sound of grinding teeth echoes through the area.",475,1.25,1.25,201.4722222222222,21.11111111111111,1,Low,High,Low,Medium,Medium,High,Medium
780,drampa,30,1850,78,60,85,135,91,36,"{normal,dragon}",406,"It has a compassionate personality, but if it is angered, it completely destroys its surroundings with its intense breath.",485,0.6415929203539823,1.1079545454545454,917.8055555555557,61.666666666666664,1,Medium,Low,Medium,High,High,Very Low,High
781,dhelmise,39,2100,70,131,100,86,90,40,"{ghost,grass}",407,"Swinging its massive anchor, it can KO Wailord in a single blow. What appears to be green seaweed is actually its body.",517,1.3125,1.1421052631578947,768.138888888889,53.84615384615385,1,Medium,High,High,Medium,High,Very Low,High
782,jangmo-o,6,297,45,55,65,45,45,45,{dragon},408,It expresses its feelings by smacking its scales. Metallic sounds echo through the tall mountains where Jangmo-o lives.,300,1.3333333333333333,0.9090909090909091,58.333333333333336,49.5,3,Very Low,Very Low,Low,Very Low,Very Low,Very Low,Very Low
783,hakamo-o,12,470,55,75,90,65,70,65,"{dragon,fighting}",408,It leaps at its prey with a courageous shout. Its scaly punches tear its opponents to shreds.,420,1.2222222222222223,0.875,116.66666666666667,39.166666666666664,3,Low,Low,Medium,Low,Medium,Low,Medium
784,kommo-o,16,782,75,110,125,100,105,85,"{dragon,fighting}",408,"When it spots enemies, it threatens them by jingling the scales on its tail. Weak opponents will crack and flee in panic.",600,1.146341463414634,0.9130434782608695,266.6666666666667,48.875,3,Medium,High,High,High,High,Medium,Very High
785,tapu-koko,18,205,70,115,85,95,75,130,"{electric,fairy}",409,This guardian deity of Melemele is brimming with curiosity. It summons thunderclouds and stores their lightning inside its body.,570,1.1764705882352942,1.3125,458.3333333333333,11.38888888888889,1,Medium,High,Medium,High,Medium,High,Very High
786,tapu-lele,12,186,70,85,75,130,115,95,"{psychic,fairy}",410,This guardian deity of Akala is guilelessly cruel. The fragrant aroma of flowers is the source of its energy.,570,0.6530612244897959,1.131578947368421,458.3333333333333,15.5,1,Medium,Medium,Medium,High,High,High,Very High
787,tapu-bulu,19,455,70,130,115,85,95,75,"{grass,fairy}",411,"It pulls large trees up by the roots and swings them around. It causes vegetation to grow, and then it absorbs energy from the growth.",570,1.3611111111111112,1.0238095238095237,458.3333333333333,23.94736842105263,1,Medium,High,High,Medium,High,Medium,Very High
788,tapu-fini,13,212,70,75,115,95,130,85,"{water,fairy}",412,The dense fog it creates brings the downfall and destruction of its confused enemies. Ocean currents are the source of its energy.,570,0.8444444444444444,0.6938775510204082,458.3333333333333,16.307692307692307,1,Medium,Low,High,High,High,Medium,Very High
789,cosmog,2,1,43,29,31,29,31,37,{psychic},413,Its body is gaseous and frail. It slowly grows as it collects dust from the atmosphere.,200,1.0,0.9354838709677419,25.88888888888889,0.5,4,Very Low,Very Low,Very Low,Very Low,Very Low,Very Low,Very Low
790,cosmoem,1,9999,43,29,131,29,131,37,{psychic},413,"Motionless as if dead, its body is faintly warm to the touch. In the distant past, it was called the cocoon of the stars.",400,1.0,0.22137404580152673,2092.5555555555557,9999.0,4,Very Low,Very Low,High,Very Low,High,Very Low,Low
791,solgaleo,34,2300,137,137,107,113,89,97,"{psychic,steel}",413,It is said to live in another world. The intense light it radiates from the surface of its body can make the darkest of nights light up like midday.,680,1.2079207920792079,1.2755102040816326,336.55555555555554,67.6470588235294,4,High,High,High,High,High,High,Very High
792,lunala,40,1200,137,113,89,137,107,97,"{psychic,ghost}",413,"It is said to be a female evolution of Cosmog. When its third eye activates, away it flies to another world.",680,0.8278688524590164,1.2755102040816326,336.55555555555554,30.0,4,High,High,Medium,High,High,High,Very High
793,nihilego,12,555,109,53,47,127,131,103,"{rock,poison}",414,One of several mysterious Ultra Beasts. People on the street report observing those infested by it suddenly becoming violent.,570,0.3875968992248062,1.0112359550561798,1108.0,46.25,1,High,Very Low,Very Low,High,High,High,Very High
794,buzzwole,24,3336,107,139,139,53,53,79,"{bug,fighting}",415,"This Ultra Beast appeared from another world. It shows off its body, but whether that display is a boast or a threat remains unclear.",570,2.6226415094339623,1.0,1300.0,139.0,1,High,High,High,Low,Low,Medium,Very High
795,pheromosa,18,250,71,137,37,137,37,151,"{bug,fighting}",416,"One of the dangerous Ultra Beasts, it has been spotted running across the land at terrific speeds.",570,1.0,3.7027027027027026,2328.0,13.88888888888889,1,Medium,High,Very Low,High,Very Low,High,Very High
796,xurkitree,38,1000,83,89,71,173,71,83,{electric},417,"One of the mysterious life-forms known as Ultra Beasts. Astonishing electric shocks emanate from its entire body, according to witnesses.",570,0.6557377049180327,1.8450704225352113,1260.0,26.31578947368421,1,Medium,Medium,Medium,High,Medium,Medium,Very High
797,celesteela,92,9999,97,101,103,107,101,61,"{steel,flying}",418,It appeared from the Ultra Wormhole. Witnesses observed it flying across the sky at high speed.,570,0.9807692307692307,1.0196078431372548,240.0,108.68478260869566,1,High,High,High,High,High,Low,Very High
798,kartana,3,1,59,181,131,59,31,109,"{grass,steel}",419,"This Ultra Beast came from the Ultra Wormhole. It seems not to attack enemies on its own, but its sharp body is a dangerous weapon in itself.",570,3.466666666666667,1.4814814814814814,2596.0,0.3333333333333333,1,Low,High,High,Low,Very Low,High,Very High
799,guzzlord,55,8880,223,101,53,97,53,43,"{dark,dragon}",420,"It has gobbled mountains and swallowed whole buildings, according to reports. It’s one of the Ultra Beasts.",570,1.0266666666666666,1.8679245283018868,3776.0,161.45454545454547,1,High,High,Low,High,Low,Very Low,Very High
800,necrozma,24,2300,97,107,101,127,89,79,{psychic},421,"Reminiscent of the Ultra Beasts, this life-form, apparently asleep underground, is thought to have come from another world in ancient times.",600,0.9629629629629629,1.231578947368421,225.0,95.83333333333333,1,High,High,High,High,High,Medium,Very High
801,magearna,10,805,80,95,115,130,115,65,"{steel,fairy}",422,"This artificial Pokémon, constructed more than 500 years ago, can understand human speech but cannot itself speak.",600,0.8571428571428571,0.9782608695652174,500.0,80.5,1,Medium,Medium,High,High,High,Low,Very High
802,marshadow,7,222,90,125,80,90,90,125,"{fighting,ghost}",423,"Able to conceal itself in shadows, it never appears before humans, so its very existence was the stuff of myth.",600,1.1388888888888888,1.2647058823529411,325.0,31.714285714285715,1,High,High,Medium,Medium,High,High,Very High
803,poipole,6,18,67,73,67,73,67,73,{poison},424,This Ultra Beast is well enough liked to be chosen as a first partner in its own world.,420,1.0,1.0895522388059702,9.0,3.0,2,Low,Low,Low,Medium,Low,Medium,Medium
804,naganadel,36,1500,73,73,73,127,73,121,"{poison,dragon}",424,It stores hundreds of liters of poisonous liquid inside its body. It is one of the organisms known as UBs.,540,0.73,1.36986301369863,581.0,41.666666666666664,2,Medium,Low,Medium,High,Medium,High,Very High
805,stakataka,55,8200,61,131,211,53,101,13,"{rock,steel}",425,It appeared from an Ultra Wormhole. Each one appears to be made up of many life-forms stacked one on top of each other.,570,2.220779220779221,0.5897435897435898,4072.0,149.0909090909091,1,Low,High,High,Low,High,Very Low,Very High
806,blacephalon,18,130,53,127,53,151,79,107,"{fire,ghost}",426,"It slithers toward people. Then, without warning, it triggers the explosion of its own head. It’s apparently one kind of Ultra Beast.",570,0.782608695652174,2.106060606060606,1348.0,7.222222222222222,1,Low,High,Low,High,Medium,High,Very High
807,zeraora,15,445,88,112,75,102,80,143,{electric},427,"It electrifies its claws and tears its opponents apart with them. Even if they dodge its attack, they’ll be electrocuted by the flying sparks.",600,1.0274725274725274,1.3806451612903226,527.6666666666666,29.666666666666668,1,High,High,Medium,High,Medium,High,Very High
808,meltan,2,80,46,65,65,55,35,34,{steel},428,"It melts particles of iron and other metals found in the subsoil, so it can absorb them into its body of molten steel.",300,1.4444444444444444,1.2,162.0,40.0,1,Very Low,Low,Low,Low,Very Low,Very Low,Very Low
809,melmetal,25,8000,135,143,143,80,65,34,{steel},429,"Revered long ago for its capacity to create iron from nothing, for some reason it has come back to life after 3,000 years.",600,1.9724137931034482,1.0721153846153846,1817.3333333333333,320.0,1,High,High,High,Medium,Low,Very Low,Very High
810,grookey,3,50,50,65,50,40,40,65,{grass},430,"When it uses its special stick to strike up a beat, the sound waves produced carry revitalizing energy to the plants and flowers in the area.",310,1.4375,1.1666666666666667,105.55555555555556,16.666666666666668,3,Very Low,Low,Very Low,Very Low,Very Low,Low,Low
811,thwackey,7,140,70,85,70,55,60,80,{grass},430,"The faster a Thwackey can beat out a rhythm with its two sticks, the more respect it wins from its peers.",420,1.3478260869565217,1.0769230769230769,108.33333333333333,20.0,3,Medium,Medium,Low,Low,Low,Medium,Medium
812,rillaboom,21,900,100,125,90,60,70,85,{grass},430,"By drumming, it taps into the power of its special tree stump. The roots of the stump follow its direction in battle.",530,1.6538461538461537,1.15625,438.88888888888886,42.857142857142854,3,High,High,Medium,Low,Medium,Medium,Very High
813,scorbunny,3,45,50,71,40,40,40,69,{fire},431,"A warm-up of running around gets fire energy coursing through this Pokémon’s body. Once that happens, it’s ready to fight at full power.",310,1.3875,1.3875,180.8888888888889,15.0,3,Very Low,Low,Very Low,Very Low,Very Low,Medium,Low
814,raboot,6,90,65,86,60,55,60,94,{fire},431,Its thick and fluffy fur protects it from the cold and enables it to use hotter fire moves.,420,1.2695652173913043,1.175,213.66666666666666,15.0,3,Low,Medium,Low,Low,Low,High,Medium
815,cinderace,14,330,80,116,75,65,75,119,{fire},431,"It juggles a pebble with its feet, turning it into a burning soccer ball. Its shots strike opponents hard and leave them scorched.",530,1.3642857142857143,1.2066666666666668,445.88888888888886,23.571428571428573,3,Medium,High,Medium,Low,Medium,High,Very High
816,sobble,3,40,50,40,40,70,40,70,{water},432,"When scared, this Pokémon cries. Its tears pack the chemical punch of 100 onions, and attackers won’t be able to resist weeping.",310,0.7272727272727273,1.375,180.55555555555557,13.333333333333334,3,Very Low,Very Low,Very Low,Medium,Very Low,Medium,Low
817,drizzile,7,115,65,60,55,95,55,90,{water},432,"A clever combatant, this Pokémon battles using water balloons created with moisture secreted from its palms.",420,0.7666666666666667,1.4090909090909092,266.6666666666667,16.428571428571427,3,Low,Low,Low,High,Low,High,Medium
818,inteleon,19,452,70,85,65,125,65,120,{water},432,"It has many hidden capabilities, such as fingertips that can shoot water and a membrane on its back that it can use to glide through the air.",530,0.7894736842105263,1.6153846153846154,630.5555555555557,23.789473684210527,3,Medium,Medium,Low,High,Low,High,Very High
819,skwovet,3,25,70,55,55,35,35,25,{normal},433,"Found throughout the Galar region, this Pokémon becomes uneasy if its cheeks are ever completely empty of berries.",275,1.5714285714285714,1.0,236.80555555555557,8.333333333333334,2,Medium,Very Low,Low,Very Low,Very Low,Very Low,Very Low
820,greedent,6,60,120,95,95,55,75,20,{normal},433,"It stashes berries in its tail—so many berries that they fall out constantly. But this Pokémon is a bit slow-witted, so it doesn’t notice the loss.",460,1.4615384615384615,0.8823529411764706,1038.888888888889,10.0,2,High,Medium,High,Low,Medium,Very Low,Medium
821,rookidee,2,18,38,47,35,33,35,57,{flying},434,"It will bravely challenge any opponent, no matter how powerful. This Pokémon benefits from every battle—even a defeat increases its strength a bit.",245,1.2058823529411764,1.1428571428571428,72.80555555555556,9.0,3,Very Low,Very Low,Very Low,Very Low,Very Low,Low,Very Low
822,corvisquire,8,160,68,67,55,43,55,77,{flying},434,"Smart enough to use tools in battle, these Pokémon have been seen picking up rocks and flinging them or using ropes to wrap up enemies.",365,1.2448979591836735,1.0,122.80555555555556,20.0,3,Low,Low,Low,Very Low,Low,Medium,Low
823,corviknight,22,750,98,87,105,53,85,67,"{flying,steel}",434,This Pokémon reigns supreme in the skies of the Galar region. The black luster of its steel body could drive terror into the heart of any foe.,495,1.391304347826087,0.7368421052631579,313.9166666666667,34.09090909090909,3,High,Medium,High,Low,Medium,Medium,High
824,blipbug,4,80,25,20,20,25,45,45,{bug},435,"A constant collector of information, this Pokémon is very smart. Very strong is what it isn’t.",180,0.5714285714285714,0.6923076923076923,116.66666666666667,20.0,3,Very Low,Very Low,Very Low,Very Low,Very Low,Very Low,Very Low
825,dottler,4,195,50,35,80,50,90,30,"{bug,psychic}",435,"It barely moves, but it’s still alive. Hiding in its shell without food or water seems to have awakened its psychic powers.",335,0.8214285714285714,0.5,486.8055555555556,48.75,3,Very Low,Very Low,Medium,Low,High,Very Low,Low
826,orbeetle,4,408,60,45,110,80,120,90,"{bug,psychic}",435,"It’s famous for its high level of intelligence, and the large size of its brain is proof that it also possesses immense psychic power.",505,0.775,0.5434782608695652,686.8055555555555,102.0,3,Low,Very Low,High,Medium,High,High,High
827,nickit,6,89,40,28,28,47,52,50,{dark},436,"Aided by the soft pads on its feet, it silently raids the food stores of other Pokémon. It survives off its ill-gotten gains.",245,0.5656565656565656,0.9375,96.1388888888889,14.833333333333334,2,Very Low,Very Low,Very Low,Very Low,Low,Low,Very Low
828,thievul,12,199,70,58,58,87,92,90,{dark},436,"It secretly marks potential targets with a scent. By following the scent, it stalks its targets and steals from them when they least expect it.",455,0.6480446927374302,0.9666666666666667,209.4722222222222,16.583333333333332,2,Medium,Low,Low,Medium,High,High,Medium
829,gossifleur,4,22,40,40,60,40,60,10,{grass},437,"It anchors itself in the ground with its single leg, then basks in the sun. After absorbing enough sunlight, its petals spread as it blooms brilliantly.",250,1.0,0.6666666666666666,280.55555555555554,5.5,2,Very Low,Very Low,Low,Very Low,Low,Very Low,Very Low
830,eldegoss,5,25,60,50,90,80,120,60,{grass},437,The seeds attached to its cotton fluff are full of nutrients. It spreads them on the wind so that plants and other Pokémon can benefit from them.,460,0.7,0.6190476190476191,555.5555555555555,5.0,2,Low,Very Low,Medium,Medium,High,Low,Medium
831,wooloo,6,60,42,40,55,40,45,48,{normal},438,"Its curly fleece is such an effective cushion that this Pokémon could fall off a cliff and stand right back up at the bottom, unharmed.",270,1.1176470588235294,0.8,28.0,10.0,2,Very Low,Very Low,Low,Very Low,Very Low,Low,Very Low
832,dubwool,13,430,72,80,100,60,90,88,{normal},438,"Weave a carpet from its springy wool, and you end up with something closer to a trampoline. You’ll start to bounce the moment you set foot on it.",490,1.2,0.7368421052631579,168.55555555555554,33.07692307692308,2,Medium,Medium,High,Low,High,Medium,High
833,chewtle,3,85,50,64,50,38,38,44,{water},439,Apparently the itch of its teething impels it to snap its jaws at anything in front of it.,284,1.5,1.1590909090909092,79.55555555555556,28.333333333333332,2,Very Low,Low,Very Low,Very Low,Very Low,Very Low,Very Low
834,drednaw,10,1155,90,115,90,48,68,74,"{water,rock}",439,"With jaws that can shear through steel rods, this highly aggressive Pokémon chomps down on its unfortunate prey.",485,1.7672413793103448,1.0316455696202531,437.4722222222222,115.5,2,High,High,Medium,Low,Medium,Medium,High
835,yamper,3,135,59,45,50,40,50,26,{electric},440,"This Pokémon is very popular as a herding dog in the Galar region. As it runs, it generates electricity from the base of its tail.",270,1.0555555555555556,0.85,105.33333333333333,45.0,2,Low,Very Low,Very Low,Very Low,Very Low,Very Low,Very Low
836,boltund,10,340,69,90,60,90,60,121,{electric},440,This Pokémon generates electricity and channels it into its legs to keep them going strong. Boltund can run nonstop for three full days.,490,1.0,1.5,464.2222222222222,34.0,2,Medium,Medium,Low,Medium,Low,High,High
837,rolycoly,3,120,30,40,50,40,50,30,{rock},441,"Most of its body has the same composition as coal. Fittingly, this Pokémon was first discovered in coal mines about 400 years ago.",240,1.0,0.8,66.66666666666667,40.0,3,Very Low,Very Low,Very Low,Very Low,Very Low,Very Low,Very Low
838,carkol,11,780,80,60,90,60,70,50,"{rock,fire}",441,It forms coal inside its body. Coal dropped by this Pokémon once helped fuel the lives of people in the Galar region.,410,1.1538461538461537,0.75,180.55555555555554,70.9090909090909,3,Medium,Low,Medium,Low,Medium,Low,Medium
839,coalossal,28,3105,110,80,120,80,90,30,"{rock,fire}",441,"It’s usually peaceful, but the vandalism of mines enrages it. Offenders will be incinerated with flames that reach 2,700 degrees Fahrenheit.",510,1.1764705882352942,0.7619047619047619,825.0,110.89285714285714,3,High,Medium,High,Medium,High,Very Low,High
840,applin,2,5,40,40,80,40,40,20,"{grass,dragon}",442,"It spends its entire life inside an apple. It hides from its natural enemies, bird Pokémon, by pretending it’s just an apple and nothing more.",260,1.5,0.6666666666666666,322.22222222222223,2.5,5,Very Low,Very Low,Medium,Very Low,Very Low,Very Low,Very Low
841,flapple,3,10,70,110,80,95,60,70,"{grass,dragon}",442,"It ate a sour apple, and that induced its evolution. In its cheeks, it stores an acid capable of causing chemical burns.",485,1.2258064516129032,1.4642857142857142,286.8055555555556,3.3333333333333335,5,Medium,High,Medium,High,Low,Medium,High
842,appletun,4,130,110,85,80,100,80,30,"{grass,dragon}",442,"Eating a sweet apple caused its evolution. A nectarous scent wafts from its body, luring in the bug Pokémon it preys on.",485,0.9166666666666666,1.15625,636.8055555555555,32.5,5,High,Medium,Medium,High,Medium,Very Low,High
843,silicobra,22,76,52,57,75,35,50,46,{ground},443,"As it digs, it swallows sand and stores it in its neck pouch. The pouch can hold more than 17 pounds of sand.",315,1.5529411764705883,0.736,146.91666666666666,3.4545454545454546,2,Low,Low,Medium,Very Low,Very Low,Low,Low
844,sandaconda,38,655,72,107,125,65,70,71,{ground},443,"When it contracts its body, over 220 pounds of sand sprays from its nose. If it ever runs out of sand, it becomes disheartened.",510,1.7185185185185186,0.882051282051282,512.3333333333334,17.236842105263158,2,Medium,High,High,Low,Medium,Medium,High
845,cramorant,8,180,70,85,55,85,95,85,"{flying,water}",444,"It’s so strong that it can knock out some opponents in a single hit, but it also may forget what it’s battling midfight.",475,0.7777777777777778,1.1333333333333333,170.13888888888889,22.5,1,Medium,Medium,Low,Medium,High,Medium,Medium
846,arrokuda,5,10,41,63,40,40,30,66,{water},445,"If it sees any movement around it, this Pokémon charges for it straightaway, leading with its sharply pointed jaw. It’s very proud of that jaw.",280,1.4714285714285715,1.4714285714285715,173.2222222222222,2.0,2,Very Low,Low,Very Low,Very Low,Very Low,Medium,Very Low
847,barraskewda,13,300,61,123,60,60,50,136,{water},445,"This Pokémon has a jaw that’s as sharp as a spear and as strong as steel. Apparently Barraskewda’s flesh is surprisingly tasty, too.",490,1.6636363636363636,1.6636363636363636,1171.5555555555557,23.076923076923077,2,Low,High,Low,Low,Very Low,High,High
848,toxel,4,110,40,38,35,54,35,40,"{electric,poison}",446,"It stores poison in an internal poison sac and secretes that poison through its skin. If you touch this Pokémon, a tingling sensation follows.",242,0.8202247191011236,1.3142857142857143,41.55555555555556,27.5,2,Very Low,Very Low,Very Low,Low,Very Low,Very Low,Very Low
849,toxtricity,16,400,75,98,70,114,70,75,"{electric,poison}",446,"When this Pokémon sounds as if it’s strumming a guitar, it’s actually clawing at the protrusions on its chest to generate electricity.",502,0.9130434782608695,1.5142857142857142,274.8888888888889,25.0,2,Medium,Medium,Low,High,Medium,Medium,High
850,sizzlipede,7,10,50,65,45,50,50,45,"{fire,bug}",447,It stores flammable gas in its body and uses it to generate heat. The yellow sections on its belly get particularly hot.,305,1.1,1.2105263157894737,45.13888888888889,1.4285714285714286,2,Very Low,Low,Very Low,Low,Very Low,Very Low,Very Low
851,centiskorch,30,1200,100,115,65,90,90,65,"{fire,bug}",447,"When it heats up, its body temperature reaches about 1,500 degrees Fahrenheit. It lashes its body like a whip and launches itself at enemies.",525,1.0,1.3225806451612903,322.9166666666667,40.0,2,High,High,Low,Medium,High,Low,High
852,clobbopus,6,40,50,68,60,50,50,32,{fighting},448,"It’s very curious, but its means of investigating things is to try to punch them with its tentacles. The search for food is what brings it onto land.",310,1.28,1.0727272727272728,121.88888888888887,6.666666666666667,2,Very Low,Low,Low,Low,Very Low,Very Low,Low
853,grapploct,16,390,80,118,90,70,80,42,{fighting},448,A body made up of nothing but muscle makes the grappling moves this Pokémon performs with its tentacles tremendously powerful.,480,1.3866666666666667,1.1058823529411765,514.6666666666666,24.375,2,Medium,High,Medium,Medium,Medium,Very Low,Medium
854,sinistea,1,2,40,45,45,74,54,50,{ghost},449,"This Pokémon is said to have been born when a lonely spirit possessed a cold, leftover cup of tea.",308,0.703125,1.202020202020202,121.8888888888889,2.0,2,Very Low,Very Low,Very Low,Medium,Low,Low,Very Low
855,polteageist,2,4,60,65,65,134,114,70,{ghost},449,"This species lives in antique teapots. Most pots are forgeries, but on rare occasions, an authentic work is found.",508,0.5241935483870968,1.111731843575419,815.2222222222222,2.0,2,Low,Low,Low,High,High,Medium,High
856,hatenna,4,34,42,30,45,56,53,39,{psychic},450,"Via the protrusion on its head, it senses other creatures’ emotions. If you don’t have a calm disposition, it will never warm up to you.",265,0.6880733944954128,0.8775510204081632,75.13888888888889,8.5,3,Very Low,Very Low,Very Low,Low,Low,Very Low,Very Low
857,hattrem,6,48,57,40,65,86,73,49,{psychic},450,"No matter who you are, if you bring strong emotions near this Pokémon, it will silence you violently.",370,0.660377358490566,0.9130434782608695,230.55555555555554,8.0,3,Low,Very Low,Low,Medium,Medium,Low,Low
858,hatterene,21,51,57,90,95,136,103,29,"{psychic,fairy}",450,It emits psychic power strong enough to cause headaches as a deterrent to the approach of others.,510,0.7740585774058577,1.1414141414141414,1161.6666666666667,2.4285714285714284,3,Low,Medium,High,High,High,Very Low,High
859,impidimp,4,55,45,45,30,55,40,50,"{dark,fairy}",451,"Through its nose, it sucks in the emanations produced by people and Pokémon when they feel annoyed. It thrives off this negative energy.",265,0.7894736842105263,1.4285714285714286,61.80555555555555,13.75,3,Very Low,Very Low,Very Low,Low,Very Low,Low,Very Low
860,morgrem,8,125,65,60,45,75,55,70,"{dark,fairy}",451,"When it gets down on all fours as if to beg for forgiveness, it’s trying to lure opponents in so that it can stab them with its spear-like hair.",370,0.8076923076923077,1.35,97.22222222222223,15.625,3,Low,Low,Very Low,Medium,Low,Medium,Low
861,grimmsnarl,15,610,95,120,65,95,75,60,"{dark,fairy}",451,"With the hair wrapped around its body helping to enhance its muscles, this Pokémon can overwhelm even Machamp.",510,1.088235294117647,1.5357142857142858,425.0,40.666666666666664,3,High,High,Low,High,Medium,Low,High
862,obstagoon,16,460,93,90,101,60,81,95,"{dark,normal}",134,Its voice is staggering in volume. Obstagoon has a tendency to take on a threatening posture and shout—this move is known as Obstruct.,520,1.3546099290780143,0.8241758241758241,178.22222222222226,28.75,3,High,Medium,High,Low,Medium,High,High
863,perrserker,8,280,70,110,100,50,60,50,{steel},22,What appears to be an iron helmet is actually hardened hair. This Pokémon lives for the thrill of battle.,440,1.9090909090909092,1.0,555.5555555555555,35.0,3,Medium,High,High,Low,Low,Low,Medium
864,cursola,10,4,60,95,50,145,130,30,{ghost},113,Its shell is overflowing with its heightened otherworldly energy. The ectoplasm serves as protection for this Pokémon’s core spirit.,510,0.5272727272727272,1.3333333333333333,1766.6666666666667,0.4,2,Low,Medium,Very Low,High,High,Very Low,High
865,sirfetchd,8,1170,62,135,95,68,82,65,{fighting},35,"Only Farfetch’d that have survived many battles can attain this evolution. When this Pokémon’s leek withers, it will retire from combat.",507,1.5333333333333334,1.1468926553672316,637.5833333333334,146.25,2,Low,High,High,Medium,Medium,Low,High
866,mr-rime,15,582,80,85,75,110,100,70,"{ice,psychic}",57,It’s highly skilled at tap-dancing. It waves its cane of ice in time with its graceful movements.,520,0.7619047619047619,1.1142857142857143,197.22222222222226,38.8,3,Medium,Medium,Medium,High,High,Medium,High
867,runerigus,16,666,58,95,145,50,105,30,"{ground,ghost}",287,"A powerful curse was woven into an ancient painting. After absorbing the spirit of a Yamask, the painting began to move.",483,1.5483870967741935,0.58,1492.9166666666667,41.625,3,Low,Medium,High,Low,High,Very Low,High
868,milcery,2,3,45,40,40,50,61,34,{fairy},452,This Pokémon was born from sweet-smelling particles in the air. Its body is made of cream.,270,0.7207207207207207,0.8910891089108911,75.33333333333333,1.5,2,Very Low,Very Low,Very Low,Low,Low,Very Low,Very Low
869,alcremie,3,5,65,60,75,110,121,64,{fairy},452,"When it trusts a Trainer, it will treat them to berries it’s decorated with cream.",495,0.5844155844155844,0.8673469387755102,574.9166666666666,1.6666666666666667,2,Low,Low,Medium,High,High,Low,High
870,falinks,30,620,65,100,100,70,60,75,{fighting},453,"Five of them are troopers, and one is the brass. The brass’s orders are absolute.",470,1.5384615384615385,1.0625,255.55555555555554,20.666666666666668,1,Low,Medium,High,Medium,Low,Medium,Medium
871,pincurchin,3,10,48,101,95,91,85,15,{electric},454,"It feeds on seaweed, using its teeth to scrape it off rocks. Electric current flows from the tips of its spines.",435,1.1136363636363635,1.0666666666666667,953.9166666666666,3.3333333333333335,1,Very Low,High,High,High,Medium,Very Low,Medium
872,snom,3,38,30,25,35,45,30,20,"{ice,bug}",455,"It spits out thread imbued with a frigid sort of energy and uses it to tie its body to branches, disguising itself as an icicle while it sleeps.",185,0.8,1.0769230769230769,61.805555555555564,12.666666666666666,2,Very Low,Very Low,Very Low,Very Low,Very Low,Very Low,Very Low
873,frosmoth,13,420,70,65,60,125,90,65,"{ice,bug}",455,Icy scales fall from its wings like snow as it flies over fields and mountains. The temperature of its wings is less than −290 degrees Fahrenheit.,475,0.5813953488372093,1.2666666666666666,511.8055555555555,32.30769230769231,2,Medium,Low,Low,High,High,Low,Medium
874,stonjourner,25,5200,100,125,135,20,20,70,{rock},456,"It stands in grasslands, watching the sun’s descent from zenith to horizon. This Pokémon has a talent for delivering dynamic kicks.",470,6.5,0.9354838709677419,2122.2222222222226,208.0,1,High,High,High,Very Low,Very Low,Medium,Medium
875,eiscue,14,890,75,80,110,65,90,50,{ice},457,It drifted in on the flow of ocean waters from a frigid place. It keeps its head iced constantly to make sure it stays nice and cold.,470,1.2258064516129032,0.725,355.5555555555556,63.57142857142857,1,Medium,Medium,High,Low,High,Low,Medium
876,indeedee,9,280,60,65,55,105,95,95,"{psychic,normal}",458,"It uses the horns on its head to sense the emotions of others. Males will act as valets for those they serve, looking after their every need.",475,0.6,1.1333333333333333,386.8055555555556,31.11111111111111,1,Low,Low,Low,High,High,High,Medium
877,morpeko,3,30,58,95,58,70,58,97,"{electric,dark}",459,"As it eats the seeds stored up in its pocket-like pouches, this Pokémon is not just satisfying its constant hunger. It’s also generating electricity.",436,1.1953125,1.4224137931034482,290.55555555555554,10.0,1,Low,Medium,Low,Medium,Low,High,Medium
878,cufant,12,1000,72,80,49,40,49,40,{steel},460,"It digs up the ground with its trunk. It’s also very strong, being able to carry loads of over five tons without any problem at all.",330,1.449438202247191,1.2244897959183674,239.33333333333334,83.33333333333333,2,Medium,Medium,Very Low,Very Low,Very Low,Very Low,Low
879,copperajah,30,6500,122,130,69,80,69,30,{steel},460,They came over from another region long ago and worked together with humans. Their green skin is resistant to water.,500,1.3355704697986577,1.5217391304347827,1156.5555555555554,216.66666666666666,2,High,High,Low,Medium,Medium,Very Low,High
880,dracozolt,18,1900,90,100,90,80,70,75,"{electric,dragon}",461,"In ancient times, it was unbeatable thanks to its powerful lower body, but it went extinct anyway after it depleted all its plant-based food sources.",505,1.2666666666666666,1.125,103.47222222222221,105.55555555555556,1,High,Medium,Medium,Medium,Medium,Medium,High
881,arctozolt,23,1500,90,100,90,90,80,55,"{electric,ice}",462,The shaking of its freezing upper half is what generates its electricity. It has a hard time walking around.,505,1.1176470588235294,1.1176470588235294,203.4722222222222,65.21739130434783,1,High,Medium,Medium,Medium,Medium,Low,High
882,dracovish,23,2150,90,90,100,70,80,75,"{water,dragon}",463,Powerful legs and jaws made it the apex predator of its time. Its own overhunting of its prey was what drove it to extinction.,505,1.2666666666666666,0.8888888888888888,103.47222222222223,93.47826086956522,1,High,Medium,High,Medium,Medium,Medium,High
883,arctovish,20,1750,90,90,100,80,90,55,"{water,ice}",464,"Though it’s able to capture prey by freezing its surroundings, it has trouble eating the prey afterward because its mouth is on top of its head.",505,1.1176470588235294,0.8947368421052632,203.4722222222222,87.5,1,High,Medium,High,Medium,High,Low,High
884,duraludon,18,400,70,95,115,120,50,85,"{steel,dragon}",465,"Its body resembles polished metal, and it’s both lightweight and strong. The only drawback is that it rusts easily.",535,1.2352941176470589,1.303030303030303,595.1388888888889,22.22222222222222,2,Medium,Medium,High,High,Very Low,Medium,Very High
885,dreepy,5,20,28,60,30,40,30,82,"{dragon,ghost}",466,"After being reborn as a ghost Pokémon, Dreepy wanders the areas it used to inhabit back when it was alive in prehistoric seas.",270,1.2857142857142858,1.6666666666666667,393.0,4.0,3,Very Low,Low,Very Low,Very Low,Very Low,Medium,Very Low
886,drakloak,14,110,68,80,50,60,50,102,"{dragon,ghost}",466,It’s capable of flying faster than 120 mph. It battles alongside Dreepy and dotes on them until they successfully evolve.,410,1.1818181818181819,1.4,335.22222222222223,7.857142857142857,3,Low,Medium,Very Low,Low,Very Low,High,Medium
887,dragapult,30,500,88,120,75,100,75,142,"{dragon,ghost}",466,"When it isn’t battling, it keeps Dreepy in the holes on its horns. Once a fight starts, it launches the Dreepy like supersonic missiles.",600,1.1142857142857143,1.4666666666666666,593.0,16.666666666666668,3,High,High,Medium,High,Medium,High,Very High
888,zacian,28,1100,92,120,115,80,115,138,{fairy},467,"Known as a legendary hero, this Pokémon absorbs metal particles, transforming them into a weapon it uses to battle.",660,1.205128205128205,0.8695652173913043,359.6666666666667,39.285714285714285,1,High,High,High,Medium,High,High,Very High
889,zamazenta,29,2100,92,120,115,80,115,138,{fighting},468,"In times past, it worked together with a king of the people to save the Galar region. It absorbs metal that it then uses in battle.",660,1.205128205128205,0.8695652173913043,359.6666666666667,72.41379310344827,1,High,High,High,Medium,High,High,Very High
890,eternatus,200,9500,140,85,95,145,95,130,"{poison,dragon}",469,The core on its chest absorbs energy emanating from the lands of the Galar region. This energy is what allows Eternatus to stay active.,690,0.75,1.2105263157894737,575.0,47.5,1,High,Medium,High,High,High,High,Very High
891,kubfu,6,120,60,90,60,53,50,72,{fighting},470,Kubfu trains hard to perfect its moves. The moves it masters will determine which form it takes when it evolves.,385,1.4563106796116505,1.3,181.47222222222226,20.0,2,Low,Medium,Low,Low,Very Low,Medium,Low
892,urshifu,19,1050,100,130,100,63,60,97,"{fighting,dark}",470,This form of Urshifu is a strong believer in the one-hit KO. Its strategy is to leap in close to foes and land a devastating blow with a hardened fist.,550,1.8699186991869918,1.20625,576.8888888888888,55.26315789473684,2,High,High,High,Low,Low,High,Very High
893,zarude,18,700,105,120,105,70,95,105,"{dark,grass}",471,"Within dense forests, this Pokémon lives in a pack with others of its kind. It’s incredibly aggressive, and the other Pokémon of the forest fear it.",600,1.3636363636363635,0.95,233.33333333333334,38.888888888888886,1,High,High,High,Medium,High,High,Very High
894,regieleki,12,1450,80,100,50,100,50,200,{electric},472,This Pokémon is a cluster of electrical energy. It’s said that removing the rings on Regieleki’s body will unleash the Pokémon’s latent power.,580,1.0,2.0,2555.5555555555557,120.83333333333333,1,Medium,Medium,Very Low,High,Very Low,High,Very High
895,regidrago,21,2000,200,100,50,100,50,80,{dragon},473,An academic theory proposes that Regidrago’s arms were once the head of an ancient dragon Pokémon. The theory remains unproven.,580,1.0,2.0,2555.555555555556,95.23809523809524,1,High,Medium,Very Low,High,Very Low,Medium,Very High
896,glastrier,22,8000,100,145,130,65,110,30,{ice},474,"Glastrier emits intense cold from its hooves. It’s also a belligerent Pokémon—anything it wants, it takes by force.",580,1.5714285714285714,0.875,1513.8888888888887,363.6363636363636,1,High,High,High,Low,High,Very Low,Very High
897,spectrier,20,445,100,65,60,145,80,130,{ghost},475,It probes its surroundings with all its senses save one—it doesn’t use its sense of sight. Spectrier’s kicks are said to separate soul from body.,580,0.5555555555555556,1.5,1013.888888888889,22.25,1,High,Low,Low,High,Medium,High,Very High
898,calyrex,11,77,100,80,80,80,80,80,"{psychic,grass}",476,"Calyrex is a merciful Pokémon, capable of providing healing and blessings. It reigned over the Galar region in times of yore.",500,1.0,1.0,55.555555555555564,7.0,1,High,Medium,Medium,Medium,Medium,Medium,High
899,wyrdeer,18,951,103,105,72,105,75,65,"{normal,psychic}",120,The black orbs shine with an uncanny light when the Pokémon is erecting invisible barriers. The fur shed from its beard retains heat well and is a highly useful material for winter clothing.,525,0.9833333333333333,1.4285714285714286,292.5833333333333,52.833333333333336,2,High,High,Medium,High,Medium,Low,High
900,kleavor,18,890,70,135,95,45,70,85,"{bug,rock}",58,"A violent creature that fells towering trees with its crude axes and shields itself with hard stone. If one should chance upon this Pokémon in the wilds, one's only recourse is to flee.",500,2.0,1.0909090909090908,772.2222222222222,49.44444444444444,3,Medium,High,High,Very Low,Medium,Medium,High
901,ursaluna,24,2900,130,140,105,45,80,50,"{ground,normal}",110,I believe it was Hisui's swampy terrain that gave Ursaluna its burly physique and newfound capacity to manipulate peat at will.,550,1.96,1.0,1338.888888888889,120.83333333333333,3,High,High,High,Very Low,Medium,Low,Very High
902,basculegion,30,1100,120,112,65,80,75,78,"{water,ghost}",280,Clads itself in the souls of comrades that perished before fulfilling their goals of journeying upstream. No other species throughout all Hisui's rivers is Basculegion's equal.,530,1.1419354838709677,1.3714285714285714,410.22222222222223,36.666666666666664,2,High,High,Low,Medium,Medium,Medium,Very High
903,sneasler,13,430,80,130,60,40,80,120,"{fighting,poison}",109,"Because of Sneasler's virulent poison and daunting physical prowess, no other species could hope to best it on the frozen highlands. Preferring solitude, this species does not form packs.",510,1.5833333333333333,1.2142857142857142,991.6666666666666,33.07692307692308,3,Medium,High,Low,Very Low,Medium,High,High
904,overqwil,25,605,85,115,95,65,65,85,"{dark,poison}",106,Its lancelike spikes and savage temperament have earned it the nickname ”sea fiend.” It slurps up poison to nourish itself.,510,1.6153846153846154,1.125,300.0,24.2,2,Medium,High,High,Low,Low,Medium,High
905,enamorus,16,480,74,115,70,135,80,106,"{fairy,flying}",477,"When it flies to this land from across the sea, the bitter winter comes to an end. According to legend, this Pokémon's love gives rise to the budding of fresh life across Hisui.",580,0.8604651162790697,1.6666666666666667,565.8888888888888,30.0,1,Medium,High,Low,High,Medium,High,Very High
906,sprigatito,4,41,40,61,54,45,45,65,{grass},478,Its fluffy fur is similar in composition to plants. This Pokémon frequently washes its face to keep it from drying out.,310,1.2777777777777777,1.0707070707070707,82.55555555555556,10.25,3,Very Low,Low,Low,Very Low,Very Low,Low,Low
907,floragato,9,122,61,80,63,60,63,83,{grass},478,"Floragato deftly wields the vine hidden beneath its long fur, slamming the hard flower bud against its opponents.",410,1.1626016260162602,1.1111111111111112,88.55555555555556,13.555555555555555,3,Low,Medium,Low,Low,Low,Medium,Medium
908,meowscarada,15,312,76,110,70,81,70,123,"{grass,dark}",478,"This Pokémon uses the reflective fur lining its cape to camouflage the stem of its flower, creating the illusion that the flower is floating.",530,1.1920529801324504,1.3642857142857143,424.88888888888886,20.8,3,Medium,High,Low,Medium,Medium,High,Very High
909,fuecoco,4,98,67,45,59,63,40,36,{fire},479,It lies on warm rocks and uses the heat absorbed by its square-shaped scales to create fire energy.,310,1.0097087378640777,1.0909090909090908,140.55555555555557,24.5,3,Low,Very Low,Low,Low,Very Low,Very Low,Low
910,crocalor,10,307,81,55,78,90,58,49,{fire},479,The combination of Crocalor’s fire energy and overflowing vitality has caused an egg-shaped fireball to appear on the Pokémon’s head.,411,0.8986486486486487,1.0661764705882353,230.25,30.7,3,Medium,Very Low,Medium,Medium,Low,Low,Medium
911,skeledirge,16,3265,104,75,100,110,75,66,"{fire,ghost}",479,The fiery bird changes shape when Skeledirge sings. Rumor has it that the bird was born when the fireball on Skeledirge’s head gained a soul.,530,0.9459459459459459,1.0571428571428572,284.22222222222223,204.0625,3,High,Low,High,High,Medium,Medium,Very High
912,quaxly,5,61,55,65,45,50,45,50,{water},480,"This Pokémon migrated to Paldea from distant lands long ago. The gel secreted by its feathers repels water and grime.""",310,1.1578947368421053,1.2777777777777777,47.22222222222222,12.2,3,Low,Low,Very Low,Low,Very Low,Low,Low
913,quaxwell,12,215,70,85,65,65,60,65,{water},480,"These Pokémon constantly run through shallow waters to train their legs, then compete with each other to see which of them kicks most gracefully.",410,1.2,1.2,63.88888888888889,17.916666666666668,3,Medium,Medium,Low,Low,Low,Low,Medium
914,quaquaval,18,619,85,120,80,85,75,85,"{water,fighting}",480,A single kick from a Quaquaval can send a truck rolling. This Pokémon uses its powerful legs to perform striking dances from far-off lands.,530,1.25,1.3225806451612903,213.88888888888889,34.388888888888886,3,Medium,High,Medium,Medium,Medium,Medium,Very High
915,lechonk,5,102,54,45,40,35,45,35,{normal},481,It searches for food all day. It possesses a keen sense of smell but doesn’t use it for anything other than foraging.,254,1.0625,0.9411764705882353,43.888888888888886,20.4,2,Low,Very Low,Very Low,Very Low,Very Low,Very Low,Very Low
916,oinkologne,10,1200,110,100,75,59,80,65,{normal},481,"Oinkologne is proud of its fine, glossy skin. It emits a concentrated scent from the tip of its tail.",489,1.2589928057553956,1.0258064516129033,329.5833333333333,120.0,2,High,Medium,Medium,Low,Medium,Low,High
917,tarountula,3,40,35,41,45,29,40,20,{bug},482,"The ball of threads wrapped around its body is elastic enough to deflect the scythes of Scyther, this Pokémon’s natural enemy.",210,1.2463768115942029,0.8235294117647058,70.33333333333333,13.333333333333334,2,Very Low,Very Low,Very Low,Very Low,Very Low,Very Low,Very Low
918,spidops,10,165,60,79,92,52,86,35,{bug},482,It clings to branches and ceilings using its threads and moves without a sound. It takes out its prey before the prey even notices it.,404,1.2391304347826086,0.7359550561797753,404.5555555555555,16.5,2,Low,Medium,High,Low,Medium,Very Low,Low
919,nymble,2,10,33,46,40,21,25,45,{bug},483,"It has its third set of legs folded up. When it’s in a tough spot, this Pokémon jumps over 30 feet using the strength of its legs.",210,1.8695652173913044,1.0307692307692307,91.0,5.0,2,Very Low,Very Low,Very Low,Very Low,Very Low,Very Low,Very Low
920,lokix,10,175,71,102,78,52,55,92,"{bug,dark}",483,"When it decides to fight all out, it stands on its previously folded legs to enter Showdown Mode. It neutralizes its enemies in short order.",450,1.6822429906542056,1.1578947368421053,328.6666666666667,17.5,2,Medium,High,Medium,Low,Low,High,Medium
921,pawmi,3,25,45,50,20,40,25,60,{electric},484,It has underdeveloped electric sacs on its cheeks. These sacs can produce electricity only if Pawmi rubs them furiously with the pads on its forepaws.,240,1.0769230769230769,2.0,191.66666666666666,8.333333333333334,3,Very Low,Very Low,Very Low,Very Low,Very Low,Low,Very Low
922,pawmo,4,65,60,75,40,50,40,85,"{electric,fighting}",484,"When its group is attacked, Pawmo is the first to leap into battle, defeating enemies with a fighting technique that utilizes electric shocks.",350,1.2777777777777777,1.5625,288.8888888888889,16.25,3,Low,Low,Very Low,Low,Very Low,Medium,Low
923,pawmot,9,410,70,115,70,70,60,105,"{electric,fighting}",484,"This Pokémon normally is slow to react, but once it enters battle, it will strike down its enemies with lightning-fast movements.",490,1.4230769230769231,1.4230769230769231,422.22222222222223,45.55555555555556,3,Medium,High,Low,Medium,Low,High,High
924,tandemaus,3,18,50,50,45,40,45,75,{normal},485,"Exhibiting great teamwork, they use their incisors to cut pieces out of any material that might be useful for a nest, then make off with them.",305,1.1176470588235294,1.0,128.47222222222223,6.0,2,Very Low,Very Low,Very Low,Very Low,Very Low,Medium,Very Low
925,maushold,3,23,74,75,70,65,75,111,{normal},485,"The two little ones just appeared one day. The group might be a family of related Pokémon, but nobody knows for sure.",470,1.0357142857142858,0.9655172413793104,225.88888888888889,7.666666666666667,2,Medium,Low,Low,Low,Medium,High,Medium
926,fidough,3,109,37,55,70,30,55,65,{fairy},486,This Pokémon is smooth and moist to the touch. Yeast in Fidough’s breath induces fermentation in the Pokémon’s vicinity.,312,1.4705882352941178,0.68,203.33333333333334,36.333333333333336,2,Very Low,Very Low,Low,Very Low,Low,Low,Low
927,dachsbun,5,149,57,80,115,50,80,95,{fairy},486,"The pleasant aroma that emanates from this Pokémon’s body helps wheat grow, so Dachsbun has been treasured by farming villages.",477,1.5,0.6666666666666666,479.5833333333333,29.8,2,Low,Medium,High,Low,Medium,High,Medium
928,smoliv,3,65,41,35,45,58,51,30,"{grass,normal}",487,It protects itself from enemies by emitting oil from the fruit on its head. This oil is bitter and astringent enough to make someone flinch.,260,0.7339449541284404,0.96875,88.22222222222221,21.666666666666668,3,Very Low,Very Low,Very Low,Low,Low,Very Low,Very Low
929,dolliv,6,119,52,53,60,78,78,33,"{grass,normal}",487,"Dolliv shares its tasty, fresh-scented oil with others. This species has coexisted with humans since times long gone.",354,0.7243589743589743,0.9492753623188406,247.33333333333334,19.833333333333332,3,Low,Very Low,Low,Medium,Medium,Very Low,Low
930,arboliva,14,482,78,69,90,125,109,39,"{grass,normal}",487,"This calm Pokémon is very compassionate. It will share its delicious, nutrient-rich oil with weakened Pokémon.",510,0.6794871794871795,0.9748743718592965,770.3333333333334,34.42857142857143,3,Medium,Low,Medium,High,High,Very Low,High
931,squawkabilly,6,24,82,96,51,45,51,92,"{normal,flying}",488,"These Pokémon prefer to live in cities. They form flocks based on the color of their feathers, and they fight over territory.",417,1.53125,1.3823529411764706,441.5833333333333,4.0,1,Medium,Medium,Low,Very Low,Low,High,Medium
932,nacli,4,160,55,55,75,35,35,25,{rock},489,"It was born in a layer of rock salt deep under the earth. This species was particularly treasured in the old days, as they would share precious salt.",280,1.8571428571428572,0.8181818181818182,280.5555555555556,40.0,3,Low,Very Low,Medium,Very Low,Very Low,Very Low,Very Low
933,naclstack,6,1050,60,60,100,35,65,35,{rock},489,This Pokémon dry cures its prey by spraying salt over them. The curing process steals away the water in the prey’s body.,355,1.6,0.5757575757575758,478.47222222222223,175.0,3,Low,Low,High,Very Low,Low,Very Low,Low
934,garganacl,23,2400,100,100,130,45,90,35,{rock},489,Garganacl will rub its fingertips together and sprinkle injured Pokémon with salt. Even severe wounds will promptly heal afterward.,500,1.7037037037037037,0.6590909090909091,1097.2222222222224,104.34782608695652,3,High,Medium,High,Very Low,High,Very Low,High
935,charcadet,6,105,40,50,40,50,40,35,{fire},490,"Burnt charcoal came to life and became a Pokémon. Possessing a fiery fighting spirit, Charcadet will battle even tough opponents.",255,1.0,1.25,31.25,17.5,3,Very Low,Very Low,Very Low,Low,Very Low,Very Low,Very Low
936,armarouge,15,850,85,60,100,125,80,75,"{fire,psychic}",490,Armarouge evolved through the use of a set of armor that belonged to a distinguished warrior. This Pokémon is incredibly loyal.,525,0.7804878048780488,1.0277777777777777,422.9166666666667,56.666666666666664,3,Medium,Low,High,High,Medium,Medium,High
937,ceruledge,16,620,75,125,80,60,100,85,"{fire,ghost}",490,The fiery blades on its arms burn fiercely with the lingering resentment of a sword wielder who fell before accomplishing their goal.,525,1.28125,1.0277777777777777,422.9166666666667,38.75,3,Medium,High,Medium,Low,High,Medium,High
938,tadbulb,3,4,61,31,41,59,35,45,{electric},491,"Tadbulb shakes its tail to generate electricity. If it senses danger, it will make its head blink on and off to alert its allies.",272,0.7659574468085106,1.1842105263157894,127.22222222222223,1.3333333333333333,2,Low,Very Low,Very Low,Low,Very Low,Very Low,Very Low
939,bellibolt,12,1130,109,64,91,103,83,45,{electric},491,"When this Pokémon expands and contracts its wobbly body, the belly-button dynamo in its stomach produces a huge amount of electricity.",495,0.8333333333333334,0.9597701149425287,490.5833333333333,94.16666666666667,2,High,Low,High,High,Medium,Very Low,High
940,wattrel,4,36,40,40,35,55,40,70,"{electric,flying}",492,"When its wings catch the wind, the bones within produce electricity. This Pokémon dives into the ocean, catching prey by electrocuting them.",280,0.7894736842105263,1.2666666666666666,147.2222222222222,9.0,2,Very Low,Very Low,Very Low,Low,Very Low,Medium,Very Low
941,kilowattrel,14,386,70,70,60,105,60,125,"{electric,flying}",492,"Kilowattrel inflates its throat sac to amplify its electricity. By riding the wind, this Pokémon can fly over 430 miles in a day.",490,0.7878787878787878,1.4583333333333333,605.5555555555555,27.571428571428573,2,Medium,Low,Low,High,Low,High,High
942,maschiff,5,160,60,78,60,40,51,51,{dark},493,"It always scowls in an attempt to make opponents take it seriously, but even crying children will burst into laughter when they see Maschiff’s face.",340,1.5164835164835164,1.063063063063063,136.55555555555557,32.0,2,Low,Medium,Low,Very Low,Low,Low,Low
943,mabosstiff,11,610,80,120,90,60,70,85,{dark},493,This Pokémon can store energy in its large dewlap. Mabosstiff unleashes this energy all at once to blow away enemies.,505,1.6153846153846154,1.125,353.4722222222222,55.45454545454545,2,Medium,High,Medium,Low,Medium,Medium,High
944,shroodle,2,7,40,65,35,40,35,75,"{poison,normal}",494,"Though usually a mellow Pokémon, it will sink its sharp, poison-soaked front teeth into any that anger it, causing paralysis in the object of its ire.",290,1.3333333333333333,1.5,247.2222222222222,3.5,2,Very Low,Low,Very Low,Very Low,Very Low,Medium,Very Low
945,grafaiai,7,272,63,95,65,80,72,110,"{poison,normal}",494,The color of the poisonous saliva depends on what the Pokémon eats. Grafaiai covers its fingers in its saliva and draws patterns on trees in forests.,485,1.0526315789473684,1.2773722627737227,283.1388888888889,38.857142857142854,2,Low,Medium,Low,Medium,Medium,High,High
946,bramblin,6,6,40,65,30,45,35,60,"{grass,ghost}",495,A soul unable to move on to the afterlife was blown around by the wind until it got tangled up with dried grass and became a Pokémon.,275,1.1875,1.6923076923076923,161.80555555555557,1.0,2,Very Low,Low,Very Low,Very Low,Very Low,Low,Very Low
947,brambleghast,12,60,55,115,70,80,70,90,"{grass,ghost}",495,"It will open the branches of its head to envelop its prey. Once it absorbs all the life energy it needs, it expels the prey and discards it.",480,1.2333333333333334,1.3928571428571428,358.3333333333333,5.0,2,Low,High,Low,Medium,Medium,High,Medium
948,toedscool,9,330,40,40,35,50,100,70,"{ground,grass}",496,Toedscool lives in muggy forests. The flaps that fall from its body are chewy and very delicious.,335,0.5,0.6666666666666666,520.1388888888889,36.666666666666664,2,Very Low,Very Low,Very Low,Low,High,Medium,Low
949,toedscruel,19,580,80,70,65,80,120,100,"{ground,grass}",496,These Pokémon gather into groups and form colonies deep within forests. They absolutely hate it when strangers approach.,515,0.675,0.8108108108108109,353.4722222222222,30.526315789473685,2,Medium,Low,Low,Medium,High,High,High
950,klawf,13,790,70,100,115,35,55,75,{rock},497,"Klawf hangs upside-down from cliffs, waiting for prey. But Klawf can’t remain in this position for long because its blood rushes to its head.",450,2.388888888888889,0.7941176470588235,708.3333333333334,60.76923076923077,1,Medium,Medium,High,Very Low,Low,Medium,Medium
951,capsakid,3,30,50,62,40,62,40,50,{grass},498,"The more sunlight this Pokémon bathes in, the more spicy chemicals are produced by its body, and thus the spicier its moves become.",304,1.0,1.55,80.88888888888887,10.0,2,Very Low,Low,Very Low,Low,Very Low,Low,Very Low
952,scovillain,9,150,65,108,65,108,65,75,"{grass,fire}",498,The red head converts spicy chemicals into fire energy and blasts the surrounding area with a super spicy stream of flame.,486,1.0,1.6615384615384616,377.0,16.666666666666668,2,Low,High,Low,High,Low,Medium,High
953,rellor,2,10,41,50,60,31,58,30,{bug},499,This Pokémon creates a mud ball by mixing sand and dirt with psychic energy. It treasures its mud ball more than its own life.,270,1.2359550561797752,0.6864406779661016,142.66666666666666,5.0,2,Very Low,Very Low,Low,Very Low,Low,Very Low,Very Low
954,rabsca,3,35,75,50,85,115,100,45,"{bug,psychic}",499,"The body that supports the ball barely moves. Therefore, it is thought that the true body of this Pokémon is actually inside the ball.",470,0.627906976744186,0.8918918918918919,630.5555555555555,11.666666666666666,2,Medium,Very Low,Medium,High,High,Very Low,Medium
955,flittle,2,15,30,35,30,55,30,75,{psychic},500,Flittle’s toes levitate about half an inch above the ground because of the psychic power emitted from the frills on the Pokémon’s belly.,255,0.7647058823529411,1.5,289.5833333333333,7.5,2,Very Low,Very Low,Very Low,Low,Very Low,Medium,Very Low
956,espathra,19,900,95,60,60,101,60,105,{psychic},500,"It immobilizes opponents by bathing them in psychic power from its large eyes. Despite its appearance, it has a vicious temperament.",481,0.7453416149068323,1.3416666666666666,415.1388888888889,47.36842105263158,2,High,Low,Low,High,Low,High,High
957,tinkatink,4,89,50,45,45,35,64,58,"{fairy,steel}",501,"It swings its handmade hammer around to protect itself, but the hammer is often stolen by Pokémon that eat metal.",297,0.9090909090909091,0.7339449541284404,88.91666666666667,22.25,3,Very Low,Very Low,Very Low,Very Low,Low,Low,Very Low
958,tinkatuff,7,591,65,55,55,45,82,78,"{fairy,steel}",501,"This Pokémon will attack groups of Pawniard and Bisharp, gathering metal from them in order to create a large and sturdy hammer.",380,0.8661417322834646,0.7299270072992701,173.55555555555554,84.42857142857143,3,Low,Very Low,Low,Very Low,Medium,Medium,Low
959,tinkaton,7,1128,85,75,77,70,105,94,"{fairy,steel}",501,"This intelligent Pokémon has a very daring disposition. It knocks rocks into the sky with its hammer, aiming for flying Corviknight.",506,0.8685714285714285,0.7967032967032966,144.55555555555557,161.14285714285714,3,Medium,Low,Medium,Medium,High,High,High
960,wiglett,12,18,10,55,25,35,25,95,{water},502,This Pokémon can pick up the scent of a Veluza just over 65 feet away and will hide itself in the sand.,245,1.3333333333333333,1.8,770.1388888888888,1.5,2,Very Low,Very Low,Very Low,Very Low,Very Low,High,Very Low
961,wugtrio,12,54,35,100,50,50,70,120,{water},502,"It has a vicious temperament, contrary to what its appearance may suggest. It wraps its long bodies around prey, then drags the prey into its den.",425,1.25,1.25,903.4722222222223,4.5,2,Very Low,Medium,Very Low,Low,Medium,High,Medium
962,bombirdier,15,429,70,103,85,60,85,82,"{flying,dark}",503,"It gathers things up in an apron made from shed feathers added to the Pokémon’s chest feathers, then drops those things from high places for fun.",485,1.296551724137931,0.9588235294117647,179.80555555555554,28.6,1,Medium,High,Medium,Low,Medium,Medium,High
963,finizen,13,602,70,45,40,45,40,75,{water},504,It likes playing with others of its kind using the water ring on its tail. It uses ultrasonic waves to sense the emotions of other living creatures.,315,1.0,1.125,206.25,46.30769230769231,2,Medium,Very Low,Very Low,Very Low,Very Low,Medium,Low
964,palafin,13,602,100,70,72,53,62,100,{water},504,This Pokémon changes its appearance if it hears its allies calling for help. Palafin will never show anybody its moment of transformation.,457,1.2347826086956522,0.917910447761194,321.47222222222223,46.30769230769231,2,High,Low,Medium,Low,Low,High,Medium
965,varoom,10,350,45,70,63,30,45,47,"{steel,poison}",505,It is said that this Pokémon was born when an unknown poison Pokémon entered and inspirited an engine left at a scrap-processing factory.,300,1.7733333333333334,0.9259259259259259,171.33333333333334,35.0,2,Very Low,Low,Low,Very Low,Very Low,Low,Very Low
966,revavroom,18,1200,80,119,90,54,67,90,"{steel,poison}",505,It creates a gas out of poison and minerals from rocks. It then detonates the gas in its cylinders—now numbering eight—to generate energy.,500,1.7272727272727273,1.1019108280254777,416.5555555555555,66.66666666666667,2,Medium,High,Medium,Low,Low,High,High
967,cyclizar,16,630,70,95,65,85,65,121,"{dragon,normal}",506,"Apparently Cyclizar has been allowing people to ride on its back since ancient times. Depictions of this have been found in 10,000-year-old murals.",501,1.0666666666666667,1.3846153846153846,401.25,39.375,1,Medium,Medium,Low,Medium,Low,High,High
968,orthworm,25,3100,70,85,145,60,55,65,{steel},507,"When attacked, this Pokémon will wield the tendrils on its body like fists and pelt the opponent with a storm of punches.",480,2.0,0.725,933.3333333333334,124.0,1,Medium,Medium,High,Low,Low,Low,Medium
969,glimmet,7,80,48,35,42,105,60,60,"{rock,poison}",508,It absorbs nutrients from cave walls. The petals it wears are made of crystallized poison.,350,0.4666666666666667,1.3725490196078431,516.8888888888888,11.428571428571429,2,Very Low,Very Low,Very Low,High,Low,Low,Low
970,glimmora,15,450,83,55,90,130,81,86,"{rock,poison}",508,"When this Pokémon detects danger, it will open up its crystalline petals and fire beams from its conical body.",525,0.6872037914691943,1.0818713450292399,488.9166666666667,30.0,2,Medium,Very Low,Medium,High,Medium,Medium,High
971,greavard,6,350,50,61,60,30,55,34,{ghost},509,It is said that a dog Pokémon that died in the wild without ever interacting with a human was reborn as this Pokémon.,290,1.423529411764706,0.7913043478260869,147.55555555555554,58.333333333333336,2,Very Low,Low,Low,Very Low,Low,Very Low,Very Low
972,houndstone,20,150,72,101,100,50,97,68,{ghost},509,"Houndstone spends most of its time sleeping in graveyards. Among all the dog Pokémon, this one is most loyal to its master.",488,1.3673469387755102,0.766497461928934,371.22222222222223,7.5,2,Medium,High,High,Low,High,Medium,High
973,flamigo,16,370,82,115,74,75,64,90,"{flying,fighting}",510,This Pokémon apparently ties the base of its neck into a knot so that energy stored in its belly does not escape from its beak.,500,1.3597122302158273,1.3768115942028984,263.22222222222223,23.125,1,Medium,High,Medium,Medium,Low,High,High
974,cetoddle,12,450,108,68,45,30,40,43,{ice},511,This species left the ocean and began living on land a very long time ago. It seems to be closely related to Wailmer.,334,1.6142857142857143,1.1529411764705881,678.2222222222222,37.5,2,High,Low,Very Low,Very Low,Very Low,Very Low,Low
975,cetitan,45,7000,170,113,65,45,55,73,{ice},511,"This Pokémon wanders around snowy, icy areas. It protects its body with powerful muscles and a thick layer of fat under its skin.",521,1.78,1.3166666666666667,1838.8055555555557,155.55555555555554,2,High,High,Low,Very Low,Low,Medium,High
976,veluza,25,900,90,102,73,78,65,70,"{water,psychic}",512,"When Veluza discards unnecessary flesh, its mind becomes honed and its psychic power increases. The spare flesh has a mild but delicious flavor.",478,1.2237762237762237,1.3043478260869565,160.2222222222222,36.0,1,High,High,Medium,Medium,Low,Medium,Medium
977,dondozo,120,2200,150,100,115,65,65,35,{water},513,"This Pokémon is a glutton, but it’s bad at getting food. It teams up with a Tatsugiri to catch prey.",530,1.6538461538461537,0.9166666666666666,1430.5555555555557,18.333333333333332,1,High,Medium,High,Low,Low,Very Low,Very High
978,tatsugiri,3,80,68,50,60,120,95,82,"{dragon,water}",514,This is a small dragon Pokémon. It lives inside the mouth of Dondozo to protect itself from enemies on the outside.,475,0.5116279069767442,1.096774193548387,544.8055555555555,26.666666666666668,1,Low,Very Low,Low,High,High,Medium,Medium
979,annihilape,12,560,110,115,80,50,90,90,"{fighting,ghost}",24,"When its anger rose beyond a critical point, this Pokémon gained power that is unfettered by the limits of its physical body.",535,1.3928571428571428,0.9705882352941176,453.4722222222222,46.666666666666664,3,High,High,Medium,Low,High,High,Very High
980,clodsire,18,2230,130,75,60,45,100,20,"{poison,ground}",96,"When attacked, this Pokémon will retaliate by sticking thick spines out from its body. It’s a risky move that puts everything on the line.",430,0.9310344827586207,0.75,1288.888888888889,123.88888888888889,3,High,Low,Low,Very Low,High,Very Low,Medium
981,farigiraf,32,1600,120,90,70,110,70,60,"{normal,psychic}",101,"Now that the brain waves from the head and tail are synced up, the psychic power of this Pokémon is 10 times stronger than Girafarig’s.",520,0.8888888888888888,1.4285714285714286,488.8888888888889,50.0,2,High,Medium,Low,High,Medium,Low,High
982,dudunsparce,36,392,125,100,80,85,75,55,{normal},103,This Pokémon uses its hard tail to make its nest by boring holes into bedrock deep underground. The nest can reach lengths of over six miles.,520,1.125,1.1935483870967742,472.22222222222223,10.88888888888889,2,High,Medium,Medium,Medium,Medium,Low,High
983,kingambit,20,1200,100,135,120,60,85,50,"{dark,steel}",317,Only a Bisharp that stands above all others in its vast army can evolve into Kingambit.,550,1.7586206896551724,0.9512195121951219,922.2222222222222,60.0,3,High,High,High,Low,Medium,Low,Very High
984,great-tusk,22,3200,115,131,131,53,53,87,"{ground,fighting}",515,Sightings of this Pokémon have occurred in recent years. The name Great Tusk was taken from a creature listed in a certain book.,570,2.4716981132075473,1.0,1097.3333333333333,145.45454545454547,1,High,High,High,Low,Low,Medium,Very High
985,scream-tail,12,80,115,65,99,65,115,111,"{fairy,psychic}",516,There has been only one reported sighting of this Pokémon. It resembles a mysterious creature depicted in an old expedition journal.,570,0.9111111111111111,0.6074766355140186,478.6666666666667,6.666666666666667,1,High,Low,High,Low,High,High,Very High
986,brute-bonnet,12,210,111,127,99,79,99,55,"{grass,dark}",517,It is possible that the creature listed as Brute Bonnet in a certain book could actually be this Pokémon.,570,1.2696629213483146,1.0404040404040404,528.0,17.5,1,High,High,High,Medium,High,Low,Very High
987,flutter-mane,14,40,55,55,55,135,135,135,"{ghost,fairy}",518,"This Pokémon has characteristics similar to those of Flutter Mane, a creature mentioned in a certain book.",570,0.4074074074074074,1.0,1600.0,2.857142857142857,1,Low,Very Low,Low,High,High,High,Very High
988,slither-wing,32,920,85,135,79,85,105,81,"{bug,fighting}",519,This mysterious Pokémon has some similarities to a creature that an old book introduced as Slither Wing.,570,1.1263157894736842,1.1956521739130435,392.0,28.75,1,Medium,High,Medium,Medium,High,Medium,Very High
989,sandy-shocks,23,600,85,81,97,121,85,101,"{electric,ground}",520,"No records exist of this Pokémon being caught. Data is lacking, but the Pokémon’s traits match up with a creature shown in an expedition journal.",570,0.8640776699029126,1.10989010989011,185.33333333333334,26.08695652173913,1,Medium,Medium,High,High,Medium,High,Very High
990,iron-treads,9,2400,90,112,120,72,70,106,"{ground,steel}",521,This Pokémon closely resembles a scientific weapon that a paranormal magazine claimed was sent to this planet by aliens.,570,1.6338028169014085,0.968421052631579,369.0,266.6666666666667,1,High,High,High,Medium,Medium,High,Very High
991,iron-bundle,6,110,56,80,114,124,60,136,"{ice,water}",522,Its shape is similar to a robot featured in a paranormal magazine article. The robot was said to have been created by an ancient civilization.,570,1.0543478260869565,1.1724137931034482,975.6666666666666,18.333333333333332,1,Low,Medium,High,High,Low,High,Very High
992,iron-hands,18,3807,154,140,108,50,68,50,"{fighting,electric}",523,It is very similar to a cyborg covered exclusively by a paranormal magazine. The cyborg was said to be the modified form of a certain athlete.,570,2.1016949152542375,1.0795454545454546,1742.3333333333333,211.5,1,High,High,High,Low,Medium,Low,Very High
993,iron-jugulis,13,1110,94,80,86,122,80,108,"{dark,flying}",524,"It resembles a certain Pokémon introduced in a paranormal magazine, described as the offspring of a Hydreigon that fell in love with a robot.",570,0.8217821782178217,1.216867469879518,238.33333333333334,85.38461538461539,1,High,Medium,Medium,High,Medium,High,Very High
994,iron-moth,12,360,80,70,60,140,110,110,"{fire,poison}",525,This Pokémon resembles an unknown object described in a paranormal magazine as a UFO sent to observe humanity.,570,0.52,1.2352941176470589,758.3333333333334,30.0,1,Medium,Low,Low,High,High,High,Very High
995,iron-thorns,16,3030,100,134,110,70,84,72,"{rock,electric}",526,It has some similarities to a Pokémon introduced in a dubious magazine as a Tyranitar from one billion years into the future.,570,1.5844155844155845,1.0515463917525774,507.6666666666667,189.375,1,High,High,High,Medium,Medium,Medium,Very High
996,frigibax,5,170,65,75,45,35,45,55,"{dragon,ice}",527,"Frigibax absorbs heat through its dorsal fin and converts the heat into ice energy. The higher the temperature, the more energy Frigibax stores.",320,1.5,1.2222222222222223,180.55555555555557,34.0,3,Low,Low,Very Low,Very Low,Very Low,Low,Low
997,arctibax,8,300,90,95,66,45,65,62,"{dragon,ice}",527,"Arctibax freezes the air around it, protecting its face with an ice mask and turning its dorsal fin into a blade of ice.",423,1.4636363636363636,1.0687022900763359,292.25,37.5,3,High,Medium,Low,Very Low,Low,Low,Medium
998,baxcalibur,21,2100,115,145,92,75,86,87,"{dragon,ice}",527,This Pokémon blasts cryogenic air out from its mouth. This air can instantly freeze even liquid-hot lava.,600,1.4720496894409938,1.2359550561797752,550.6666666666666,100.0,3,High,High,High,Medium,Medium,Medium,Very High
999,gimmighoul,3,50,45,30,70,75,70,10,{ghost},528,"This Pokémon was born inside a treasure chest about 1,500 years ago. It sucks the life-force out of scoundrels who try to steal the treasure.",300,0.6896551724137931,0.75,575.0,16.666666666666668,2,Very Low,Very Low,Low,Medium,Medium,Very Low,Very Low
1000,gholdengo,12,300,87,60,95,133,91,84,"{steel,ghost}",528,"Its body seems to be made up of 1,000 coins. This Pokémon gets along well with others and is quick to make friends with anybody.",550,0.6919642857142857,1.0376344086021505,467.22222222222223,25.0,2,High,Low,High,High,High,Medium,Very High
1001,wo-chien,15,742,85,85,100,95,135,70,"{dark,grass}",529,The grudge of a person punished for writing the king’s evil deeds upon wooden tablets has clad itself in dead leaves to become a Pokémon.,570,0.8043478260869565,0.7659574468085106,408.3333333333333,49.46666666666667,1,Medium,Medium,High,High,High,Medium,Very High
1002,chien-pao,19,1522,80,120,80,90,65,135,"{dark,ice}",530,This Pokémon can control 100 tons of fallen snow. It plays around innocently by leaping in and out of avalanches it has caused.,570,1.2903225806451613,1.4482758620689655,600.0,80.10526315789474,1,Medium,High,Medium,Medium,Low,High,Very High
1003,ting-lu,27,6997,155,110,125,55,80,45,"{dark,ground}",531,The fear poured into an ancient ritual vessel has clad itself in rocks and dirt to become a Pokémon.,570,1.7407407407407407,0.8048780487804879,1508.3333333333333,259.14814814814815,1,High,High,High,Low,Medium,Very Low,Very High
1004,chi-yu,4,49,55,80,80,135,120,100,"{dark,fire}",532,"It controls flames burning at over 5,400 degrees Fahrenheit. It casually swims through the sea of lava it creates by melting rock and sand.",570,0.6274509803921569,1.075,716.6666666666666,12.25,1,Low,Medium,Medium,High,High,High,Very High
1005,roaring-moon,20,3800,105,139,71,55,101,119,"{dragon,dark}",533,It is possible that this is the creature listed as Roaring Moon in an expedition journal that still holds many mysteries.,590,1.3461538461538463,1.127906976744186,792.888888888889,190.0,1,High,High,Medium,Low,High,High,Very High
1006,iron-valiant,14,350,74,130,90,120,60,116,"{fairy,fighting}",534,It has some similarities to a mad scientist’s invention covered in a paranormal magazine.,590,1.2222222222222223,1.6666666666666667,652.5555555555555,25.0,1,Medium,High,Medium,High,Low,High,Very High
1007,koraidon,25,3030,100,135,115,85,100,135,"{fighting,dragon}",535,This seems to be the Winged King mentioned in an old expedition journal. It was said to have split the land with its bare fists.,670,1.3513513513513513,1.0232558139534884,347.22222222222223,121.2,1,High,High,High,Medium,High,High,Very High
1008,miraidon,35,2400,100,85,100,135,115,135,"{electric,dragon}",536,"Much remains unknown about this creature. It resembles Cyclizar, but it is far more ruthless and powerful.",670,0.74,1.0232558139534884,347.2222222222222,68.57142857142857,1,High,Medium,High,High,High,High,Very High
1009,walking-wake,35,2800,99,83,91,125,83,109,"{water,dragon}",537,This ferocious creature is shrouded in mystery. It's named after an aquatic monster mentioned in an old expedition journal.,590,0.8365384615384616,1.1954022988505748,224.88888888888889,80.0,1,High,Medium,High,High,Medium,High,Very High
1010,iron-leaves,15,1250,90,130,88,70,108,104,"{grass,psychic}",538,Many of its physical characteristics match those of a Virizion from the future that was covered in a paranormal magazine.,590,1.2247191011235956,1.0204081632653061,351.2222222222222,83.33333333333333,1,High,High,Medium,Medium,High,High,Very High
1011,dipplin,4,97,80,80,110,95,80,40,"{grass,dragon}",442,Dipplin is two creatures in one Pokémon. Its evolution was triggered by a special apple grown only in one place.,485,1.0857142857142856,0.9210526315789473,453.4722222222222,24.25,5,Medium,Medium,High,High,Medium,Very Low,High
1012,poltchageist,1,11,40,45,45,74,54,50,"{grass,ghost}",539,"Supposedly, the regrets of a tea ceremony master who died before perfecting his craft lingered in some matcha and became a Pokémon.",308,0.703125,1.202020202020202,121.8888888888889,11.0,2,Very Low,Very Low,Very Low,Medium,Low,Low,Very Low
1013,sinistcha,2,22,71,60,106,121,80,70,"{grass,ghost}",539,"It pretends to be tea, trying to fool people into drinking it so it can drain their life-force. Its ruse is generally unsuccessful.",508,0.8258706467661692,0.9731182795698925,467.8888888888889,11.0,2,Medium,Low,High,High,Medium,Medium,High
1014,okidogi,18,922,88,128,115,58,86,80,"{poison,fighting}",540,"After all its muscles were stimulated by the toxic chain around its neck, Okidogi transformed and gained a powerful physique.",555,1.6875,0.9253731343283582,529.25,51.22222222222222,1,High,High,High,Low,Medium,Medium,Very High
1015,munkidori,10,122,88,75,66,130,90,106,"{poison,psychic}",541,The chain is made from toxins that enhance capabilities. It stimulated Munkidori's brain and caused the Pokémon's psychic powers to bloom.,555,0.6409090909090909,1.314102564102564,437.25,12.2,1,High,Low,Low,High,High,High,Very High
1016,fezandipiti,14,301,88,91,82,70,125,99,"{poison,fairy}",542,Fezandipiti owes its beautiful looks and lovely voice to the toxic stimulants emanating from the chain wrapped around its body.,555,0.8871794871794871,0.7777777777777778,289.5833333333333,21.5,1,High,Medium,Medium,Medium,High,High,Very High
1017,ogerpon,12,398,80,120,84,60,96,110,{grass},543,This Pokémon's type changes based on which mask it's wearing. It confounds its enemies with nimble movements and kicks.,550,1.3076923076923077,1.0,392.5555555555556,33.166666666666664,1,Medium,High,Medium,Low,High,High,Very High
1018,archaludon,20,600,90,105,130,125,65,85,"{steel,dragon}",465,It gathers static electricity from its surroundings. The beams it launches when down on all fours are tremendously powerful.,600,1.236842105263158,1.1794871794871795,516.6666666666666,30.0,2,High,High,High,High,Low,Medium,Very High
1019,hydrapple,18,930,106,80,110,120,80,44,"{grass,dragon}",442,Seven syrpents live inside an apple made of syrup. The syrpent in the center is the commander.,540,0.95,1.0526315789473684,645.3333333333334,51.666666666666664,5,High,Medium,High,High,Medium,Very Low,Very High
1020,gouging-fire,35,5900,105,115,121,65,93,91,"{fire,dragon}",544,There are scant few reports of this creature being sighted. One short video shows it rampaging and spouting pillars of flame.,590,1.4936708860759493,0.8411214953271028,338.22222222222223,168.57142857142858,1,High,High,High,Low,High,High,Very High
1021,raging-bolt,52,4800,125,73,91,137,89,75,"{electric,dragon}",545,It's said to incinerate everything around it with lightning launched from its fur. Very little is known about this creature.,590,0.7256637168141593,1.1666666666666667,588.8888888888888,92.3076923076923,1,High,Low,High,High,High,Medium,Very High
1022,iron-boulder,15,1625,90,120,80,68,108,124,"{rock,psychic}",547,It resembles a Pokémon described in a dubious magazine as a Terrakion that had been modified by an evil organization.,590,1.1363636363636365,1.0,424.5555555555556,108.33333333333333,1,High,High,Medium,Medium,High,High,Very High
1023,iron-crown,16,1560,90,72,100,122,108,98,"{steel,psychic}",546,It resembles a mysterious object introduced in a paranormal magazine as a cutting-edge weapon shaped like a Cobalion.,590,0.7478260869565218,0.9326923076923077,236.55555555555557,97.5,1,High,Low,High,High,High,High,Very High
1024,terapagos,2,65,90,65,85,65,85,60,{normal},548,Terapagos protects itself using its power to transform energy into hard crystals. This Pokémon is the source of the Terastal phenomenon.,450,1.0,0.7647058823529411,141.66666666666666,32.5,1,High,Low,Medium,Low,Medium,Low,Medium
1025,pecharunt,3,3,88,88,160,88,88,88,"{poison,ghost}",549,"It feeds others toxic mochi that draw out desires and capabilities. Those who eat the mochi fall under Pecharunt’s control, chained to its will.",600,1.4090909090909092,0.7096774193548387,720.0,1.0,1,High,Medium,High,Medium,High,Medium,Very High
